sku_id,annual_demand_units,unit_cost,annual_consumption_value,cum_value_pct,abc_class,category,brand
SKU0026,80279.94505,140.976,11317545.53,0.053497704,A,Personal Care,FreshFoods
SKU0073,46238.68132,203.112,9391631.04,0.097891666,A,Home Care,GlowCare
SKU0008,51091.97802,170.886,8730903.756,0.139162391,A,Home Care,FreshFoods
SKU0019,44197.08791,187.902,8304721.213,0.178418563,A,Home Care,DailyEssentials
SKU0059,40226.20879,195.222,7853040.933,0.215539655,A,Home Care,FreshFoods
SKU0042,37306.20879,204.252,7619867.758,0.251558545,A,Home Care,DailyEssentials
SKU0018,35834.17582,208.446,7469490.614,0.286866607,A,Personal Care,SurfStyle
SKU0062,65170.54945,105.672,6886702.302,0.319419845,A,Personal Care,FreshFoods
SKU0025,39732.85714,163.488,6495845.349,0.350125515,A,Personal Care,DailyEssentials
SKU0052,44874.94505,124.548,5589084.657,0.376544953,A,Personal Care,SurfStyle
SKU0038,29536.92308,184.41,5446903.985,0.402292307,A,Personal Care,DailyEssentials
SKU0055,35457.14286,151.944,5387500.114,0.427758861,A,Home Care,GlowCare
SKU0065,75450.71429,64.434,4861591.324,0.45073946,A,Personal Care,GlowCare
SKU0009,66361.81319,70.698,4691647.469,0.472916739,A,Personal Care,SurfStyle
SKU0007,26099.50549,175.278,4574669.124,0.494541065,A,Home Care,SurfStyle
SKU0005,36780.76923,119.19,4383899.885,0.51526363,A,Personal Care,GlowCare
SKU0076,25730.49451,170.088,4376448.349,0.535950972,A,Foods & Refreshment,GlowCare
SKU0074,34233.79121,127.59,4367889.42,0.556597857,A,Personal Care,SurfStyle
SKU0054,25012.52747,170.04,4253130.171,0.576702278,A,Home Care,GlowCare
SKU0046,80171.64835,52.848,4236911.272,0.596730032,A,Home Care,DailyEssentials
SKU0020,26685.10989,158.718,4235407.272,0.616750677,A,Home Care,GlowCare
SKU0003,79762.52747,52.962,4224382.98,0.636719211,A,Personal Care,FreshFoods
SKU0069,28806.92308,135.33,3898440.9,0.655147026,A,Home Care,SurfStyle
SKU0050,29845.76923,109.29,3261844.119,0.670565667,A,Personal Care,DailyEssentials
SKU0031,16296.64835,197.112,3212264.95,0.685749948,A,Home Care,GlowCare
SKU0024,45183.79121,70.452,3183288.458,0.700797259,A,Personal Care,DailyEssentials
SKU0066,15867.47253,194.658,3088730.467,0.715397597,A,Personal Care,GlowCare
SKU0064,15129.45055,200.946,3040202.57,0.729768545,A,Foods & Refreshment,DailyEssentials
SKU0063,20901.26374,141.222,2951718.267,0.74372123,A,Home Care,GlowCare
SKU0029,17612.25275,158.346,2788829.774,0.756903946,A,Home Care,FreshFoods
SKU0078,16473.13187,166.092,2736055.418,0.769837199,A,Personal Care,SurfStyle
SKU0010,12943.46154,200.394,2593792.032,0.782097977,A,Home Care,SurfStyle
SKU0011,38822.36264,65.346,2536886.109,0.794089763,A,Home Care,FreshFoods
SKU0027,29645.21978,82.224,2437548.551,0.805611983,B,Personal Care,GlowCare
SKU0004,147399.8352,13.632,2009354.553,0.815110143,B,Home Care,GlowCare
SKU0012,17391.64835,111.072,1931725.166,0.824241351,B,Home Care,DailyEssentials
SKU0030,31714.89011,59.544,1888431.417,0.83316791,B,Home Care,GlowCare
SKU0061,27916.48352,67.392,1881347.657,0.842060985,B,Foods & Refreshment,DailyEssentials
SKU0023,16794.01099,111.846,1878342.953,0.850939857,B,Personal Care,SurfStyle
SKU0077,18530.76923,101.346,1878019.338,0.859817199,B,Personal Care,GlowCare
SKU0022,9758.736264,188.262,1837199.206,0.868501585,B,Personal Care,GlowCare
SKU0034,10376.42857,175.548,1821561.283,0.877112051,B,Home Care,FreshFoods
SKU0058,51842.03297,31.248,1619959.846,0.884769554,B,Home Care,SurfStyle
SKU0017,16914.34066,94.758,1602769.092,0.892345796,B,Personal Care,FreshFoods
SKU0075,8122.252747,196.338,1594706.86,0.899883928,B,Home Care,FreshFoods
SKU0016,104755,15.162,1588295.31,0.907391753,B,Personal Care,DailyEssentials
SKU0060,18133.68132,87.108,1579588.712,0.914858423,B,Foods & Refreshment,FreshFoods
SKU0002,7989.89011,192.864,1540962.166,0.922142505,B,Personal Care,DailyEssentials
SKU0021,7604.835165,187.722,1427594.867,0.928890704,B,Personal Care,FreshFoods
SKU0014,6822.692308,196.95,1343729.25,0.935242472,B,Personal Care,DailyEssentials
SKU0072,13829.89011,91.5,1265434.945,0.941224146,B,Home Care,SurfStyle
SKU0001,35589.50549,27.978,995723.1847,0.9459309,B,Home Care,SurfStyle
SKU0032,16015.87912,55.158,883403.8605,0.950106724,C,Home Care,SurfStyle
SKU0067,69566.59341,11.07,770102.189,0.953746975,C,Home Care,DailyEssentials
SKU0071,22088.51648,34.632,764969.5029,0.957362963,C,Personal Care,DailyEssentials
SKU0080,26476.53846,28.266,748385.8362,0.960900561,C,Personal Care,FreshFoods
SKU0013,12847.1978,58.218,747938.1616,0.964436042,C,Personal Care,FreshFoods
SKU0045,82429.83516,8.844,729009.4622,0.967882048,C,Home Care,SurfStyle
SKU0040,10376.42857,69.306,719148.7586,0.971281443,C,Personal Care,FreshFoods
SKU0070,24988.46154,27.606,689831.4692,0.974542256,C,Foods & Refreshment,GlowCare
SKU0039,14230.98901,46.074,655678.5877,0.97764163,C,Personal Care,GlowCare
SKU0049,17487.91209,30.852,539537.0637,0.980192005,C,Home Care,FreshFoods
SKU0043,3810.43956,108.15,412099.0385,0.982139985,C,Personal Care,FreshFoods
SKU0036,8808.131868,42.57,374962.1736,0.983912421,C,Home Care,SurfStyle
SKU0057,10657.1978,32.736,348874.0273,0.985561538,C,Home Care,FreshFoods
SKU0028,13709.56044,25.272,346468.0114,0.987199282,C,Home Care,DailyEssentials
SKU0035,9028.736264,37.272,336519.058,0.988789997,C,Home Care,DailyEssentials
SKU0068,2655.274725,119.262,316673.3743,0.990286903,C,Home Care,GlowCare
SKU0041,1568.296703,164.592,258129.091,0.991507072,C,Personal Care,SurfStyle
SKU0033,7628.901099,31.044,236831.6057,0.992626568,C,Foods & Refreshment,SurfStyle
SKU0053,4981.648352,46.752,232902.0237,0.993727489,C,Home Care,GlowCare
SKU0015,5342.637363,39.582,211472.2721,0.994727112,C,Personal Care,FreshFoods
SKU0056,1331.648352,156.75,208735.8791,0.9957138,C,Personal Care,SurfStyle
SKU0044,5130.054945,35.358,181388.4827,0.996571218,C,Home Care,GlowCare
SKU0051,1155.164835,147.63,170536.9846,0.997377342,C,Home Care,DailyEssentials
SKU0047,4769.065934,32.892,156864.1167,0.998118834,C,Personal Care,GlowCare
SKU0048,1026.813187,144.24,148107.5341,0.998818934,C,Personal Care,DailyEssentials
SKU0037,1046.868132,128.274,134285.9627,0.999453699,C,Home Care,DailyEssentials
SKU0006,1175.21978,81.666,95975.49857,0.999907373,C,Personal Care,DailyEssentials
SKU0079,2033.571429,9.636,19595.49429,1,C,Home Care,FreshFoods
