as_of_date,sku_id,wh_id,region,category,brand,supplier_id,risk_level,inventory_status,recommended_action,days_of_inventory,inventory_value,inventory_turnover_units,cv_90,on_time_rate,inventory_health_score,health_class
2025-12-31,SKU0001,WH01,North,Home Care,SurfStyle,SUP5,No Risk,Healthy,No Action,13.514334862385322,7246.302000000001,41.45080419352738,0.33898563354434347,0.8683368869936035,93.02069428038598,Healthy
2025-12-31,SKU0001,WH02,South,Home Care,SurfStyle,SUP5,Critical Stockout Risk,Healthy,Reorder Now,0.6535911602209945,363.714,27.7188050683897,0.3490047372331509,0.8683368869936035,49.16309292145685,Critical
2025-12-31,SKU0001,WH03,South,Home Care,SurfStyle,SUP5,No Risk,Healthy,No Action,16.26874279123414,8673.18,33.02426297938951,0.4004670065498963,0.8683368869936035,92.11521300905432,Healthy
2025-12-31,SKU0001,WH04,North,Home Care,SurfStyle,SUP5,No Risk,Healthy,No Action,22.59417808219178,12170.43,34.00946657448279,0.47519887577419534,0.8683368869936035,92.27112083273141,Healthy
2025-12-31,SKU0001,WH05,South,Home Care,SurfStyle,SUP5,No Risk,Healthy,No Action,10.872340425531917,6127.182000000001,33.22136153731565,0.4201857495646083,0.8683368869936035,89.57705817352964,Healthy
2025-12-31,SKU0002,WH01,North,Personal Care,DailyEssentials,SUP13,No Risk,Healthy,No Action,12.763636363636364,10414.656,29.565537555228275,0.4540765257931754,0.7944974733295901,88.49074049049523,Healthy
2025-12-31,SKU0002,WH02,South,Personal Care,DailyEssentials,SUP13,No Risk,Healthy,No Action,11.72680412371134,9643.2,27.676372874731285,0.5559326078451096,0.7944974733295901,86.72180892494447,Healthy
2025-12-31,SKU0002,WH03,South,Personal Care,DailyEssentials,SUP13,No Risk,Healthy,No Action,16.48705882352941,14850.528,39.85739979445016,0.6279607732932676,0.7944974733295901,91.28074099167938,Healthy
2025-12-31,SKU0002,WH04,North,Personal Care,DailyEssentials,SUP13,Critical Stockout Risk,Healthy,Reorder Now,0.9309462915601024,771.456,31.602081488042515,0.5737631879582692,0.7944974733295901,47.71225081615305,Critical
2025-12-31,SKU0002,WH05,South,Personal Care,DailyEssentials,SUP13,No Risk,Healthy,No Action,21.2258064516129,18129.216,22.246672716273444,0.5603791062707691,0.7944974733295901,88.48382056484323,Healthy
2025-12-31,SKU0003,WH01,North,Personal Care,FreshFoods,SUP4,Critical Stockout Risk,Healthy,Reorder Now,3.733906633906634,8844.653999999999,43.420629585245365,0.2848349891472587,0.9024918743228604,54.399406759717856,At Risk
2025-12-31,SKU0003,WH02,South,Personal Care,FreshFoods,SUP4,No Risk,Healthy,No Action,17.128600303183426,39456.69,33.91005328263268,0.3192114108868583,0.9024918743228604,93.72551201465274,Healthy
2025-12-31,SKU0003,WH03,South,Personal Care,FreshFoods,SUP4,No Risk,Healthy,No Action,23.661757605021727,57040.07399999999,22.833172234640248,0.33552413497610867,0.9024918743228604,90.43615347431506,Healthy
2025-12-31,SKU0003,WH04,North,Personal Care,FreshFoods,SUP4,Critical Stockout Risk,Healthy,Reorder Now,3.211764705882353,7308.755999999999,28.13781545741325,0.34405940067131036,0.9024918743228604,50.80183303690013,At Risk
2025-12-31,SKU0003,WH05,South,Personal Care,FreshFoods,SUP4,Critical Stockout Risk,Healthy,Reorder Now,0.0,0.0,26.110630779640637,0.3166676708055925,0.9024918743228604,49.06554783617456,Critical
2025-12-31,SKU0004,WH01,North,Home Care,GlowCare,SUP12,Critical Stockout Risk,Healthy,Reorder Now,6.230653128430297,6802.368,31.98682106225124,0.27277842947749015,0.8820791311093871,53.506750657736376,At Risk
2025-12-31,SKU0004,WH02,South,Home Care,GlowCare,SUP12,Critical Stockout Risk,Healthy,Reorder Now,4.994201725997843,5548.224,27.381369048221163,0.33377272060960256,0.8820791311093871,51.29174819622112,At Risk
2025-12-31,SKU0004,WH03,South,Home Care,GlowCare,SUP12,Reorder Soon,Healthy,Reorder Soon,10.28522618559519,11273.664,27.561170679353157,0.2572941867726615,0.8820791311093871,70.08728790436842,At Risk
2025-12-31,SKU0004,WH04,North,Home Care,GlowCare,SUP12,No Risk,Healthy,No Action,19.43189964157706,21115.968,22.06498549951665,0.25180242498991057,0.8820791311093871,92.1076127784378,Healthy
2025-12-31,SKU0004,WH05,South,Home Care,GlowCare,SUP12,Reorder Soon,Healthy,Reorder Soon,12.065962001605566,13509.312,26.176498810163505,0.27455604738706985,0.8820791311093871,70.39866125468946,At Risk
2025-12-31,SKU0005,WH01,North,Personal Care,GlowCare,SUP7,No Risk,Healthy,No Action,29.1984126984127,67461.54,23.75779491531678,0.32913338358266336,0.8332124728063814,87.53746069080262,Healthy
2025-12-31,SKU0005,WH02,South,Personal Care,GlowCare,SUP7,No Risk,Healthy,No Action,25.40782422293676,62097.99,22.25711578053005,0.35282016598968874,0.8332124728063814,88.67191591291957,Healthy
2025-12-31,SKU0005,WH03,South,Personal Care,GlowCare,SUP7,No Risk,Healthy,No Action,10.90255591054313,26817.75,31.98497503616257,0.33450625402046036,0.8332124728063814,89.62028001683716,Healthy
2025-12-31,SKU0005,WH04,North,Personal Care,GlowCare,SUP7,No Risk,Healthy,No Action,11.948017148981778,29201.55,30.613538295577133,0.36162307517288217,0.8332124728063814,89.52435036209249,Healthy
2025-12-31,SKU0005,WH05,South,Personal Care,GlowCare,SUP7,No Risk,Healthy,No Action,20.31792873051225,47795.19,22.12867944909533,0.3415528831011746,0.8332124728063814,91.0210937168032,Healthy
2025-12-31,SKU0006,WH01,North,Personal Care,DailyEssentials,SUP4,Critical Stockout Risk,Healthy,Reorder Now,7.844827586206897,408.33,27.002551020408163,1.3540551876428286,0.9024918743228604,45.384770077199164,Critical
2025-12-31,SKU0006,WH02,South,Personal Care,DailyEssentials,SUP4,No Risk,Slow Moving,No Action,26.6,1551.6540000000002,26.71734234234234,1.2571572870744714,0.9024918743228604,73.81246063846476,At Risk
2025-12-31,SKU0006,WH03,South,Personal Care,DailyEssentials,SUP4,No Risk,Slow Moving,No Action,27.015625,1551.6540000000002,15.646349631614202,1.2804685116686783,0.9024918743228604,70.82527448884983,At Risk
2025-12-31,SKU0006,WH04,North,Personal Care,DailyEssentials,SUP4,Critical Stockout Risk,Healthy,Reorder Now,5.150943396226415,244.99800000000005,25.89692101740295,1.2023209757831705,0.9024918743228604,44.159960298921725,Critical
2025-12-31,SKU0006,WH05,South,Personal Care,DailyEssentials,SUP4,No Risk,Healthy,No Action,24.0377358490566,1143.324,23.912237330037083,1.3067602400847125,0.9024918743228604,83.255992222875,Healthy
2025-12-31,SKU0007,WH01,North,Home Care,SurfStyle,SUP6,No Risk,Healthy,No Action,17.067219917012448,39612.828,24.13305898491084,0.38314771422333416,0.8953771289537713,90.63630457555188,Healthy
2025-12-31,SKU0007,WH02,South,Home Care,SurfStyle,SUP6,Critical Stockout Risk,Healthy,Reorder Now,4.8938953488372094,12970.572,32.43396835647401,0.4630237089388737,0.8953771289537713,51.61122927352892,At Risk
2025-12-31,SKU0007,WH03,South,Home Care,SurfStyle,SUP6,Critical Stockout Risk,Healthy,Reorder Now,1.443298969072165,3505.56,34.850079503293706,0.4221044884795997,0.8953771289537713,51.0008065715551,At Risk
2025-12-31,SKU0007,WH04,North,Home Care,SurfStyle,SUP6,No Risk,Healthy,No Action,17.237885462555067,45221.724,27.982100641675117,0.37906166360237636,0.8953771289537713,91.71970832050224,Healthy
2025-12-31,SKU0007,WH05,South,Home Care,SurfStyle,SUP6,Critical Stockout Risk,Healthy,Reorder Now,2.0253261703760552,5083.062,24.70110106990755,0.3809442338105249,0.8953771289537713,49.02896308051365,Critical
2025-12-31,SKU0008,WH01,North,Home Care,FreshFoods,SUP8,No Risk,Healthy,No Action,20.379471228615863,98430.336,26.70706381041791,0.34793681990749076,0.7875116495806151,91.64271052113179,Healthy
2025-12-31,SKU0008,WH02,South,Home Care,FreshFoods,SUP8,Reorder Soon,Healthy,Reorder Soon,9.807969639468691,48531.624,32.342704375021015,0.337193125641996,0.7875116495806151,69.48943691765741,At Risk
2025-12-31,SKU0008,WH03,South,Home Care,FreshFoods,SUP8,Critical Stockout Risk,Healthy,Reorder Now,6.364417177914111,29221.506,28.787903225806453,0.3223343534062173,0.7875116495806151,51.41101586558405,At Risk
2025-12-31,SKU0008,WH04,North,Home Care,FreshFoods,SUP8,No Risk,Healthy,No Action,17.976642913697546,85272.114,25.091577085317727,0.3299741067379883,0.7875116495806151,90.63977149432411,Healthy
2025-12-31,SKU0008,WH05,South,Home Care,FreshFoods,SUP8,No Risk,Healthy,No Action,29.183984375,140297.406,28.364144127735784,0.3230317597733474,0.7875116495806151,88.30140939585714,Healthy
2025-12-31,SKU0009,WH01,North,Personal Care,SurfStyle,SUP12,Reorder Soon,Healthy,Reorder Soon,9.846473029045642,23966.622,35.14490749277768,0.30500669485094367,0.8820791311093871,71.42174420371677,At Risk
2025-12-31,SKU0009,WH02,South,Personal Care,SurfStyle,SUP12,No Risk,Healthy,No Action,20.153091557669445,52670.01,28.51178451178451,0.29891057695787115,0.8820791311093871,93.54359182143948,Healthy
2025-12-31,SKU0009,WH03,South,Personal Care,SurfStyle,SUP12,No Risk,Overstock,No Action,38.72051358614512,100744.65,25.71330907255096,0.3042331246486368,0.8820791311093871,69.43735482647206,At Risk
2025-12-31,SKU0009,WH04,North,Personal Care,SurfStyle,SUP12,Reorder Soon,Healthy,Reorder Soon,8.2217659137577,21774.984,31.325621207925277,0.31832784591025215,0.8820791311093871,69.61678856006122,At Risk
2025-12-31,SKU0009,WH05,South,Personal Care,SurfStyle,SUP12,Critical Stockout Risk,Healthy,Reorder Now,0.0,0.0,41.89401339659504,0.34023458001525514,0.8820791311093871,52.06655567703618,At Risk
2025-12-31,SKU0010,WH01,North,Home Care,SurfStyle,SUP10,Critical Stockout Risk,Healthy,Reorder Now,7.173106646058733,10220.094,28.954757233938203,0.4232220716010093,0.8047244094488188,51.172558673840086,At Risk
2025-12-31,SKU0010,WH02,South,Home Care,SurfStyle,SUP10,No Risk,Healthy,No Action,15.285714285714286,21442.158,28.91853233830846,0.4431386713954987,0.8047244094488188,89.65284282701279,Healthy
2025-12-31,SKU0010,WH03,South,Home Care,SurfStyle,SUP10,Reorder Soon,Healthy,Reorder Soon,12.5125,17634.672,36.14979882389353,0.43873826501796287,0.8047244094488188,71.0195019594243,At Risk
2025-12-31,SKU0010,WH04,North,Home Care,SurfStyle,SUP10,No Risk,Healthy,No Action,24.64296520423601,35870.526,22.432821943282192,0.4486139038839237,0.8047244094488188,88.00020205725647,Healthy
2025-12-31,SKU0010,WH05,South,Home Care,SurfStyle,SUP10,No Risk,Healthy,No Action,17.292834890965732,24448.068,23.16429418742586,0.4454191401602478,0.8047244094488188,89.0821832646973,Healthy
2025-12-31,SKU0011,WH01,North,Home Care,FreshFoods,SUP14,Critical Stockout Risk,Healthy,Reorder Now,0.0,0.0,29.782773109243696,0.3432213631166545,0.7638190954773869,48.39264962543607,Critical
2025-12-31,SKU0011,WH02,South,Home Care,FreshFoods,SUP14,Critical Stockout Risk,Healthy,Reorder Now,0.0,0.0,21.235244519392914,0.3474088746261438,0.7638190954773869,46.19684901711454,Critical
2025-12-31,SKU0011,WH03,South,Home Care,FreshFoods,SUP14,Reorder Soon,Healthy,Reorder Soon,15.65893869139619,21825.563999999995,24.320803295571576,0.3316645780368407,0.7638190954773869,69.90124486927454,At Risk
2025-12-31,SKU0011,WH04,North,Home Care,FreshFoods,SUP14,Critical Stockout Risk,Healthy,Reorder Now,0.0,0.0,29.19877829379524,0.30528710551095345,0.7638190954773869,48.55202337528686,Critical
2025-12-31,SKU0011,WH05,South,Home Care,FreshFoods,SUP14,Reorder Soon,Healthy,Reorder Soon,15.984661058881745,23197.829999999994,32.94029650799321,0.3145119656910835,0.7638190954773869,72.36677624168843,At Risk
2025-12-31,SKU0012,WH01,North,Home Care,DailyEssentials,SUP14,Reorder Soon,Healthy,Reorder Soon,14.801832760595648,15772.224,24.39667713038818,0.3862846108652985,0.7638190954773869,69.09258269618417,At Risk
2025-12-31,SKU0012,WH02,South,Home Care,DailyEssentials,SUP14,No Risk,Healthy,No Action,34.03337169159954,36098.4,30.619268269137947,0.5152071501983511,0.7638190954773869,84.89696121862599,Healthy
2025-12-31,SKU0012,WH03,South,Home Care,DailyEssentials,SUP14,Critical Stockout Risk,Healthy,Reorder Now,5.82487922705314,5886.816,32.0521794463888,0.47400375471790596,0.7638190954773869,50.52914223862448,At Risk
2025-12-31,SKU0012,WH04,North,Home Care,DailyEssentials,SUP14,No Risk,Healthy,No Action,16.478662053056517,17438.304,30.646426496223125,0.45356937833868105,0.7638190954773869,90.1332098708194,Healthy
2025-12-31,SKU0012,WH05,South,Home Care,DailyEssentials,SUP14,No Risk,Overstock,No Action,35.83314794215795,39319.488,27.672035756451336,0.43703252341247195,0.7638190954773869,68.97445875364716,At Risk
2025-12-31,SKU0013,WH01,North,Personal Care,FreshFoods,SUP12,Critical Stockout Risk,Healthy,Reorder Now,3.018957345971564,1222.578,33.26302908148575,0.4093789901355814,0.8820791311093871,51.27847896662811,At Risk
2025-12-31,SKU0013,WH02,South,Personal Care,FreshFoods,SUP12,Reorder Soon,Healthy,Reorder Soon,13.373801916932909,5356.056,30.19558609752874,0.48592990041000295,0.8820791311093871,70.2926314602883,At Risk
2025-12-31,SKU0013,WH03,South,Personal Care,FreshFoods,SUP12,Reorder Soon,Healthy,Reorder Soon,11.589622641509434,4715.657999999999,44.5908567038033,0.4743061489947334,0.8820791311093871,71.94656204948032,At Risk
2025-12-31,SKU0013,WH04,North,Personal Care,FreshFoods,SUP12,No Risk,Healthy,No Action,21.653614457831324,9198.444,31.747445637935552,0.5047867373927101,0.8820791311093871,92.02015340974219,Healthy
2025-12-31,SKU0013,WH05,South,Personal Care,FreshFoods,SUP12,No Risk,Healthy,No Action,30.097826086956523,12400.434,21.933376877857608,0.4891438538148543,0.8820791311093871,85.86464433009823,Healthy
2025-12-31,SKU0014,WH01,North,Personal Care,DailyEssentials,SUP10,Critical Stockout Risk,Healthy,Reorder Now,7.775316455696203,5317.65,34.89863842662632,0.6832828197049629,0.8047244094488188,50.84170234622721,At Risk
2025-12-31,SKU0014,WH02,South,Personal Care,DailyEssentials,SUP10,No Risk,Healthy,No Action,18.253687315634217,13392.6,25.083113723900265,0.5989952161917106,0.8047244094488188,88.75667355334478,Healthy
2025-12-31,SKU0014,WH03,South,Personal Care,DailyEssentials,SUP10,Reorder Soon,Healthy,Reorder Soon,10.9512893982808,8271.9,26.439393939393945,0.609972057383705,0.8047244094488188,66.47477589881191,At Risk
2025-12-31,SKU0014,WH04,North,Personal Care,DailyEssentials,SUP10,Reorder Soon,Healthy,Reorder Soon,11.43582887700535,9256.65,27.734660707029654,0.5682579725973287,0.8047244094488188,67.35810684433412,At Risk
2025-12-31,SKU0014,WH05,South,Personal Care,DailyEssentials,SUP10,No Risk,Healthy,No Action,20.566563467492266,14377.35,20.7817733121805,0.6218935008674918,0.8047244094488188,88.01427074121362,Healthy
2025-12-31,SKU0015,WH01,North,Personal Care,FreshFoods,SUP5,Critical Stockout Risk,Healthy,Reorder Now,2.484641638225256,316.656,28.82614555256065,0.51722395616567,0.8683368869936035,48.905389408979715,Critical
2025-12-31,SKU0015,WH02,South,Personal Care,FreshFoods,SUP5,No Risk,Healthy,No Action,21.02788844621514,2295.756,31.06646320786707,0.6379701288211973,0.8683368869936035,90.913934789104,Healthy
2025-12-31,SKU0015,WH03,South,Personal Care,FreshFoods,SUP5,No Risk,Healthy,No Action,19.120622568093385,2137.428,33.28779276082328,0.6792404364737591,0.8683368869936035,91.20851175866461,Healthy
2025-12-31,SKU0015,WH04,North,Personal Care,FreshFoods,SUP5,No Risk,Healthy,No Action,11.284,1227.042,25.68975225225225,0.5680510149234445,0.8683368869936035,86.66037105328886,Healthy
2025-12-31,SKU0015,WH05,South,Personal Care,FreshFoods,SUP5,Critical Stockout Risk,Healthy,Reorder Now,1.295373665480427,158.328,49.47660395561988,0.5725272193129085,0.8683368869936035,50.63161740754539,At Risk
2025-12-31,SKU0016,WH01,North,Personal Care,DailyEssentials,SUP7,No Risk,Healthy,No Action,14.74291812184711,12660.27,23.846592637663523,0.27248198930817813,0.8332124728063814,89.79211806581463,Healthy
2025-12-31,SKU0016,WH02,South,Personal Care,DailyEssentials,SUP7,Critical Stockout Risk,Healthy,Reorder Now,4.736377301766254,4199.874,44.73092776383356,0.29659196099286245,0.8332124728063814,54.06255058950807,At Risk
2025-12-31,SKU0016,WH03,South,Personal Care,DailyEssentials,SUP7,No Risk,Healthy,No Action,14.21243523316062,12796.728,31.59170991094881,0.28472184890117536,0.8332124728063814,91.41326840608043,Healthy
2025-12-31,SKU0016,WH04,North,Personal Care,DailyEssentials,SUP7,No Risk,Healthy,No Action,14.904267589388695,12918.024,39.40336605308485,0.294758760565702,0.8332124728063814,93.61912319577986,Healthy
2025-12-31,SKU0016,WH05,South,Personal Care,DailyEssentials,SUP7,No Risk,Healthy,No Action,15.452830188679243,12963.509999999998,45.67262289378199,0.28923920742984904,0.8332124728063814,93.9444757220201,Healthy
2025-12-31,SKU0017,WH01,North,Personal Care,FreshFoods,SUP2,Critical Stockout Risk,Healthy,Reorder Now,1.0327868852459017,852.822,38.049822531878526,0.4362285190718542,0.8758700696055685,51.31597195054872,At Risk
2025-12-31,SKU0017,WH02,South,Personal Care,FreshFoods,SUP2,Critical Stockout Risk,Healthy,Reorder Now,5.222958057395143,4927.416,36.36753546684263,0.38580000215792615,0.8758700696055685,53.18427715010047,At Risk
2025-12-31,SKU0017,WH03,South,Personal Care,FreshFoods,SUP2,No Risk,Healthy,No Action,27.94145758661888,24352.806,20.10695011188627,0.45531154041575955,0.8758700696055685,86.58484280701676,Healthy
2025-12-31,SKU0017,WH04,North,Personal Care,FreshFoods,SUP2,Reorder Soon,Healthy,Reorder Soon,10.43170731707317,8907.252,25.846286701208975,0.4455929868403934,0.8758700696055685,68.13307393756052,At Risk
2025-12-31,SKU0017,WH05,South,Personal Care,FreshFoods,SUP2,Critical Stockout Risk,Healthy,Reorder Now,6.341463414634147,5685.48,33.056169138529505,0.44376476550493427,0.8758700696055685,52.380839020114195,At Risk
2025-12-31,SKU0018,WH01,North,Personal Care,SurfStyle,SUP6,Critical Stockout Risk,Healthy,Reorder Now,1.5062785388127855,6044.934,27.4372506114043,0.3311908477742596,0.8953771289537713,49.89019724545326,Critical
2025-12-31,SKU0018,WH02,South,Personal Care,SurfStyle,SUP6,No Risk,Healthy,No Action,24.60913978494624,104848.338,29.223881881968055,0.34077664816893877,0.8953771289537713,91.51254850955884,Healthy
2025-12-31,SKU0018,WH03,South,Personal Care,SurfStyle,SUP6,No Risk,Healthy,No Action,17.611207394569615,69829.41,29.179097584630306,0.3052303480756282,0.8953771289537713,92.78812870901845,Healthy
2025-12-31,SKU0018,WH04,North,Personal Care,SurfStyle,SUP6,Reorder Soon,Healthy,Reorder Soon,12.248053392658507,50443.932,27.35712201425653,0.32733659437041407,0.8953771289537713,70.48492982720128,At Risk
2025-12-31,SKU0018,WH05,South,Personal Care,SurfStyle,SUP6,No Risk,Healthy,No Action,25.325711098717232,104014.554,32.254558896007886,0.2766947055555132,0.8953771289537713,92.47538223023749,Healthy
2025-12-31,SKU0019,WH01,North,Home Care,DailyEssentials,SUP14,Critical Stockout Risk,Healthy,Reorder Now,6.372896771259664,28936.908000000003,29.535786568537254,0.33456221462742836,0.7638190954773869,51.26808030602725,At Risk
2025-12-31,SKU0019,WH02,South,Home Care,DailyEssentials,SUP14,No Risk,Healthy,No Action,23.19607843137255,109922.67,21.73408229982876,0.32999477711685904,0.7638190954773869,89.02575235127517,Healthy
2025-12-31,SKU0019,WH03,South,Home Care,DailyEssentials,SUP14,Reorder Soon,Healthy,Reorder Soon,10.54003813155386,45660.186,24.81753953850142,0.3670998739500908,0.7638190954773869,67.43652516786113,At Risk
2025-12-31,SKU0019,WH04,North,Home Care,DailyEssentials,SUP14,No Risk,Overstock,No Action,44.98552691090005,205376.88600000003,23.765792031098155,0.3759931720528325,0.7638190954773869,64.362013166292,At Risk
2025-12-31,SKU0019,WH05,South,Home Care,DailyEssentials,SUP14,No Risk,Healthy,No Action,21.353790613718413,97709.04,36.19132847107253,0.3203404129421601,0.7638190954773869,93.58956540665449,Healthy
2025-12-31,SKU0020,WH01,North,Home Care,GlowCare,SUP7,Reorder Soon,Healthy,Reorder Soon,10.53177004538578,24283.854,39.62309081951059,0.3420796838224622,0.8332124728063814,72.05224930003712,At Risk
2025-12-31,SKU0020,WH02,South,Home Care,GlowCare,SUP7,No Risk,Healthy,No Action,11.348729792147806,25712.316,25.62199405566064,0.3965688000221154,0.8332124728063814,87.70928446001322,Healthy
2025-12-31,SKU0020,WH03,South,Home Care,GlowCare,SUP7,Critical Stockout Risk,Healthy,Reorder Now,0.4764397905759162,1111.0259999999998,36.40469973890339,0.36928463266655726,0.8332124728063814,50.76486151426653,At Risk
2025-12-31,SKU0020,WH04,North,Home Care,GlowCare,SUP7,Reorder Soon,Healthy,Reorder Soon,10.640850417615791,24442.572,38.47178871548619,0.38531071563695823,0.8332124728063814,71.48193639892934,At Risk
2025-12-31,SKU0020,WH05,South,Home Care,GlowCare,SUP7,No Risk,Healthy,No Action,12.547169811320757,30156.42,37.6728334956183,0.3613780874208565,0.8332124728063814,91.5814398477546,Healthy
2025-12-31,SKU0021,WH01,North,Personal Care,FreshFoods,SUP2,No Risk,Healthy,No Action,19.596534653465344,16331.814,23.65036086607859,0.5560251775621106,0.8758700696055685,90.05787642443886,Healthy
2025-12-31,SKU0021,WH02,South,Personal Care,FreshFoods,SUP2,Reorder Soon,Healthy,Reorder Soon,6.00263852242744,4693.05,24.902790279027904,0.7052763813029758,0.8758700696055685,63.79919200011342,At Risk
2025-12-31,SKU0021,WH03,South,Personal Care,FreshFoods,SUP2,No Risk,Healthy,No Action,12.68032786885246,9573.822,36.89312344656173,0.5871808673632358,0.8758700696055685,90.04282921628474,Healthy
2025-12-31,SKU0021,WH04,North,Personal Care,FreshFoods,SUP2,No Risk,Healthy,No Action,14.317333333333336,11075.598,23.55851979345955,0.5625531919980197,0.8758700696055685,87.60616174624157,Healthy
2025-12-31,SKU0021,WH05,South,Personal Care,FreshFoods,SUP2,Critical Stockout Risk,Healthy,Reorder Now,0.0,0.0,41.8557336621455,0.6119920809236162,0.8758700696055685,49.804558771488914,Critical
2025-12-31,SKU0022,WH01,North,Personal Care,GlowCare,SUP10,Critical Stockout Risk,Healthy,Reorder Now,4.20281124497992,4330.025999999999,30.929045431342523,0.4187694716794579,0.8047244094488188,50.37132115453872,At Risk
2025-12-31,SKU0022,WH02,South,Personal Care,GlowCare,SUP10,No Risk,Healthy,No Action,20.783950617283956,20897.082,33.53942144072603,0.48524415061205095,0.8047244094488188,92.24939364553765,Healthy
2025-12-31,SKU0022,WH03,South,Personal Care,GlowCare,SUP10,Critical Stockout Risk,Healthy,Reorder Now,1.6782786885245904,1694.3579999999995,49.53281423804226,0.4721724337152267,0.8047244094488188,50.98018270943142,At Risk
2025-12-31,SKU0022,WH04,North,Personal Care,GlowCare,SUP10,Critical Stockout Risk,Healthy,Reorder Now,7.383367139959431,7530.479999999999,29.1550550874919,0.44459371483287263,0.8047244094488188,51.14483090834483,At Risk
2025-12-31,SKU0022,WH05,South,Personal Care,GlowCare,SUP10,Reorder Soon,Healthy,Reorder Soon,12.249999999999998,11860.505999999998,27.071315372424724,0.4391857099126692,0.8047244094488188,68.60155968120883,At Risk
2025-12-31,SKU0023,WH01,North,Personal Care,SurfStyle,SUP15,No Risk,Healthy,No Action,11.208536585365854,11296.445999999998,25.59869996578857,0.39789721761144986,0.8390297684674752,87.68772508153796,Healthy
2025-12-31,SKU0023,WH02,South,Personal Care,SurfStyle,SUP15,Critical Stockout Risk,Healthy,Reorder Now,0.0,0.0,36.96695095948827,0.44108755870292526,0.8390297684674752,50.16959274413723,At Risk
2025-12-31,SKU0023,WH03,South,Personal Care,SurfStyle,SUP15,No Risk,Healthy,No Action,14.452941176470588,15099.21,35.82977249104977,0.4371298511062607,0.8390297684674752,91.41783100720468,Healthy
2025-12-31,SKU0023,WH04,North,Personal Care,SurfStyle,SUP15,No Risk,Healthy,No Action,24.508196721311474,25724.58,26.80454037320492,0.3610984201538335,0.8390297684674752,90.21807513580856,Healthy
2025-12-31,SKU0023,WH05,South,Personal Care,SurfStyle,SUP15,No Risk,Healthy,No Action,25.115099009900987,24941.658,34.27309703660662,0.4260014930823588,0.8390297684674752,91.30857265869413,Healthy
2025-12-31,SKU0024,WH01,North,Personal Care,DailyEssentials,SUP14,No Risk,Healthy,No Action,24.803249097472925,42553.008,26.358600013035264,0.3773796932628653,0.7638190954773869,89.08860573911974,Healthy
2025-12-31,SKU0024,WH02,South,Personal Care,DailyEssentials,SUP14,No Risk,Healthy,No Action,20.10982658959537,35014.644,25.30705675617351,0.38919189564625495,0.7638190954773869,90.83906095063165,Healthy
2025-12-31,SKU0024,WH03,South,Personal Care,DailyEssentials,SUP14,No Risk,Healthy,No Action,21.52824074074074,36000.972,28.11296534017972,0.4228771779650114,0.7638190954773869,90.63777911648287,Healthy
2025-12-31,SKU0024,WH04,North,Personal Care,DailyEssentials,SUP14,Critical Stockout Risk,Healthy,Reorder Now,0.0,0.0,25.284094327137097,0.32298748198197896,0.7638190954773869,47.418606965251946,Critical
2025-12-31,SKU0024,WH05,South,Personal Care,DailyEssentials,SUP14,Reorder Soon,Healthy,Reorder Soon,16.354300385109113,29589.84,22.69596104725415,0.3213535473330292,0.7638190954773869,69.88665977942748,At Risk
2025-12-31,SKU0025,WH01,North,Personal Care,DailyEssentials,SUP5,Critical Stockout Risk,Healthy,Reorder Now,5.607975142413258,19455.072,38.28643598239991,0.3520133317168611,0.8683368869936035,54.041051839367626,At Risk
2025-12-31,SKU0025,WH02,South,Personal Care,DailyEssentials,SUP5,No Risk,Healthy,No Action,13.59031281533804,48392.448,42.49970626248385,0.3169750713594712,0.8683368869936035,93.23306223488068,Healthy
2025-12-31,SKU0025,WH03,South,Personal Care,DailyEssentials,SUP5,No Risk,Healthy,No Action,12.655327663831915,45449.664,24.272621423819032,0.33558441539610095,0.8683368869936035,88.80087981102761,Healthy
2025-12-31,SKU0025,WH04,North,Personal Care,DailyEssentials,SUP5,Critical Stockout Risk,Healthy,Reorder Now,1.6126582278481012,5722.08,36.85831884650782,0.32735869503738324,0.8683368869936035,52.08153154047818,At Risk
2025-12-31,SKU0025,WH05,South,Personal Care,DailyEssentials,SUP5,No Risk,Healthy,No Action,13.16097077761268,47738.496,30.69667180405715,0.37384633416438523,0.8683368869936035,90.34350175987564,Healthy
2025-12-31,SKU0026,WH01,North,Personal Care,FreshFoods,SUP7,No Risk,Healthy,No Action,11.7077342588002,73166.544,21.60542920029347,0.2866280526871145,0.8332124728063814,87.74492028346468,Healthy
2025-12-31,SKU0026,WH02,South,Personal Care,FreshFoods,SUP7,Critical Stockout Risk,Healthy,Reorder Now,4.101408450704225,24811.776,35.793300017578666,0.2898270685651409,0.8332124728063814,52.884675361923534,At Risk
2025-12-31,SKU0026,WH03,South,Personal Care,FreshFoods,SUP7,Reorder Soon,Healthy,Reorder Soon,9.856423173803526,60619.68,27.413496282563045,0.2449452816909325,0.8332124728063814,69.46827481717452,At Risk
2025-12-31,SKU0026,WH04,North,Personal Care,FreshFoods,SUP7,No Risk,Healthy,No Action,23.796932067202334,151408.224,38.819530764449965,0.27972861466065074,0.8332124728063814,94.17758619342716,Healthy
2025-12-31,SKU0026,WH05,South,Personal Care,FreshFoods,SUP7,Critical Stockout Risk,Healthy,Reorder Now,3.1175293823455865,19313.712,27.19597175383354,0.25105534894240916,0.8332124728063814,50.581293093060395,At Risk
2025-12-31,SKU0027,WH01,North,Personal Care,GlowCare,SUP8,No Risk,Healthy,No Action,18.80666666666667,25489.439999999995,24.693306873534183,0.39929161966019794,0.7875116495806151,90.35141607804813,Healthy
2025-12-31,SKU0027,WH02,South,Personal Care,GlowCare,SUP8,Reorder Soon,Healthy,Reorder Soon,7.980366492146596,11018.015999999998,25.121390928336563,0.3459565332310934,0.7875116495806151,66.76960836883762,At Risk
2025-12-31,SKU0027,WH03,South,Personal Care,GlowCare,SUP8,No Risk,Healthy,No Action,14.47039254823686,19651.536,21.94643357202865,0.4149188518186582,0.7875116495806151,87.57882969290245,Healthy
2025-12-31,SKU0027,WH04,North,Personal Care,GlowCare,SUP8,No Risk,Healthy,No Action,15.039748953974897,19487.088,26.65156067009522,0.37534906641010907,0.7875116495806151,89.34541625784757,Healthy
2025-12-31,SKU0027,WH05,South,Personal Care,GlowCare,SUP8,No Risk,Healthy,No Action,15.315568022440392,19733.76,23.777523983554133,0.3839577837196301,0.7875116495806151,88.67292436614125,Healthy
2025-12-31,SKU0028,WH01,North,Home Care,DailyEssentials,SUP4,No Risk,Healthy,No Action,11.074780058651026,2097.576,39.84154929577465,0.45851205499047537,0.9024918743228604,91.29686521436099,Healthy
2025-12-31,SKU0028,WH02,South,Home Care,DailyEssentials,SUP4,Critical Stockout Risk,Healthy,Reorder Now,4.277777777777778,833.976,33.13890325918262,0.4256932626299115,0.9024918743228604,51.88561500358819,At Risk
2025-12-31,SKU0028,WH03,South,Home Care,DailyEssentials,SUP4,Critical Stockout Risk,Healthy,Reorder Now,0.0,0.0,39.52751484036581,0.47899473048939717,0.9024918743228604,51.144987343389104,At Risk
2025-12-31,SKU0028,WH04,North,Home Care,DailyEssentials,SUP4,No Risk,Healthy,No Action,10.474820143884893,2021.76,33.940995450896445,0.4537898755657443,0.9024918743228604,89.64970986653239,Healthy
2025-12-31,SKU0028,WH05,South,Home Care,DailyEssentials,SUP4,Reorder Soon,Healthy,Reorder Soon,5.618975903614458,1036.152,34.917158910819765,0.4174384394473203,0.9024918743228604,68.7557470211177,At Risk
2025-12-31,SKU0029,WH01,North,Home Care,FreshFoods,SUP5,Reorder Soon,Healthy,Reorder Soon,7.047835990888383,10767.528,33.53599832565927,0.4161227885092403,0.8683368869936035,68.71850147975698,At Risk
2025-12-31,SKU0029,WH02,South,Home Care,FreshFoods,SUP5,No Risk,Healthy,No Action,9.168274383708466,14884.524,24.540246450962027,0.3892152925093528,0.8683368869936035,86.86524774016401,Healthy
2025-12-31,SKU0029,WH03,South,Home Care,FreshFoods,SUP5,Reorder Soon,Healthy,Reorder Soon,9.044848484848483,12984.372,29.743678387988936,0.4003465491959649,0.8683368869936035,68.78568669671135,At Risk
2025-12-31,SKU0029,WH04,North,Home Care,FreshFoods,SUP5,No Risk,Healthy,No Action,9.63768115942029,15042.87,41.6122267412303,0.45459424907670404,0.8683368869936035,90.3403358979893,Healthy
2025-12-31,SKU0029,WH05,South,Home Care,FreshFoods,SUP5,No Risk,Healthy,No Action,19.40909090909091,28977.318,33.98849576731062,0.4022054291326172,0.8683368869936035,93.7581776178393,Healthy
2025-12-31,SKU0030,WH01,North,Home Care,GlowCare,SUP4,No Risk,Healthy,No Action,9.03708359522313,9407.952,34.648866348448685,0.39169091677033196,0.9024918743228604,89.68446597677837,Healthy
2025-12-31,SKU0030,WH02,South,Home Care,GlowCare,SUP4,No Risk,Healthy,No Action,32.159685863874344,32153.76,27.581227436823102,0.3205310047352261,0.9024918743228604,87.93436894902896,Healthy
2025-12-31,SKU0030,WH03,South,Home Care,GlowCare,SUP4,No Risk,Healthy,No Action,11.085146053449346,11670.624,39.76740249187433,0.3016223841675555,0.9024918743228604,92.57156872458506,Healthy
2025-12-31,SKU0030,WH04,North,Home Care,GlowCare,SUP4,No Risk,Healthy,No Action,9.00761421319797,9288.864,37.6539896576553,0.3376612127266154,0.9024918743228604,90.86865838460898,Healthy
2025-12-31,SKU0030,WH05,South,Home Care,GlowCare,SUP4,No Risk,Healthy,No Action,15.895196506550215,16672.32,24.26672473145037,0.3807933709212473,0.9024918743228604,90.23290785711347,Healthy
2025-12-31,SKU0031,WH01,North,Home Care,GlowCare,SUP15,Critical Stockout Risk,Healthy,Reorder Now,4.695331695331695,8278.704,45.66005839864761,0.387752735344855,0.8390297684674752,53.364296719260196,At Risk
2025-12-31,SKU0031,WH02,South,Home Care,GlowCare,SUP15,Critical Stockout Risk,Healthy,Reorder Now,2.747967479674797,5124.912,32.70187304890739,0.39461381968420955,0.8390297684674752,50.70363393874487,At Risk
2025-12-31,SKU0031,WH03,South,Home Care,GlowCare,SUP15,Critical Stockout Risk,Healthy,Reorder Now,2.36509900990099,4139.352,36.90651983481416,0.4253393160805564,0.8390297684674752,51.34608634815649,At Risk
2025-12-31,SKU0031,WH04,North,Home Care,GlowCare,SUP15,No Risk,Healthy,No Action,17.594827586206897,30946.584,29.43197616683218,0.43731818221485624,0.8390297684674752,91.21197878687904,Healthy
2025-12-31,SKU0031,WH05,South,Home Care,GlowCare,SUP15,No Risk,Healthy,No Action,28.91145833333333,48095.328,24.822456388913487,0.39504773444834007,0.8390297684674752,87.46046114753844,Healthy
2025-12-31,SKU0032,WH01,North,Home Care,SurfStyle,SUP12,Critical Stockout Risk,Healthy,Reorder Now,2.8544542032622333,1378.95,43.79780186690756,0.3904903214853553,0.8820791311093871,52.94423441907509,At Risk
2025-12-31,SKU0032,WH02,South,Home Care,SurfStyle,SUP12,No Risk,Healthy,No Action,18.514180024660917,9101.07,27.849750682096158,0.38458976512666415,0.8820791311093871,92.08283541547068,Healthy
2025-12-31,SKU0032,WH03,South,Home Care,SurfStyle,SUP12,Critical Stockout Risk,Healthy,Reorder Now,0.0,0.0,41.46904660716816,0.3717019208334978,0.8820791311093871,51.81182415801552,At Risk
2025-12-31,SKU0032,WH04,North,Home Care,SurfStyle,SUP12,No Risk,Healthy,No Action,21.00864197530864,10314.546,24.42984630639564,0.39491985621310216,0.8820791311093871,91.34895556452787,Healthy
2025-12-31,SKU0032,WH05,South,Home Care,SurfStyle,SUP12,Reorder Soon,Healthy,Reorder Soon,12.478654592496763,5846.7480000000005,37.26654338924845,0.4079460325628582,0.8820791311093871,72.3095402336219,At Risk
2025-12-31,SKU0033,WH01,North,Foods & Refreshment,SurfStyle,SUP13,No Risk,Healthy,No Action,14.25,1769.508,22.73831935649495,0.582141639885766,0.7944974733295901,86.39611420575076,Healthy
2025-12-31,SKU0033,WH02,South,Foods & Refreshment,SurfStyle,SUP13,No Risk,Healthy,No Action,13.862407862407862,1924.728,34.90484022556391,0.4717645197760231,0.7944974733295901,90.19245618074356,Healthy
2025-12-31,SKU0033,WH03,South,Foods & Refreshment,SurfStyle,SUP13,No Risk,Slow Moving,No Action,42.51639344262295,5308.524,38.81173736199884,0.5705688858680648,0.7944974733295901,74.01032404149032,At Risk
2025-12-31,SKU0033,WH04,North,Foods & Refreshment,SurfStyle,SUP13,Reorder Soon,Healthy,Reorder Soon,7.734999999999999,1055.496,23.78624959270121,0.578404174335636,0.7944974733295901,64.50966942580924,At Risk
2025-12-31,SKU0033,WH05,South,Foods & Refreshment,SurfStyle,SUP13,No Risk,Slow Moving,No Action,33.90684931506849,4221.984,32.50976085895559,0.5417714604328532,0.7944974733295901,76.52379605733915,Healthy
2025-12-31,SKU0034,WH01,North,Home Care,FreshFoods,SUP13,Critical Stockout Risk,Healthy,Reorder Now,1.6090373280943029,1579.9319999999998,34.778172968925496,0.47073810335685673,0.7944974733295901,49.65471080069953,Critical
2025-12-31,SKU0034,WH02,South,Home Care,FreshFoods,SUP13,No Risk,Healthy,No Action,22.01333333333333,22294.596,27.2426784191072,0.49235137508004384,0.7944974733295901,89.94375089542254,Healthy
2025-12-31,SKU0034,WH03,South,Home Care,FreshFoods,SUP13,No Risk,Healthy,No Action,13.986381322957197,13868.291999999998,27.189855072463768,0.45435131935515355,0.7944974733295901,88.43787658198829,Healthy
2025-12-31,SKU0034,WH04,North,Home Care,FreshFoods,SUP13,No Risk,Overstock,No Action,36.46630236794172,38620.56,24.105016239624685,0.4063560452614057,0.7944974733295901,68.34245627500133,At Risk
2025-12-31,SKU0034,WH05,South,Home Care,FreshFoods,SUP13,No Risk,Healthy,No Action,24.514285714285712,23172.336,30.814955203308063,0.476119042261101,0.7944974733295901,89.85325068126042,Healthy
2025-12-31,SKU0035,WH01,North,Home Care,DailyEssentials,SUP15,No Risk,Healthy,No Action,12.633405639913232,2385.408,28.213447350771297,0.43824516425253013,0.8390297684674752,88.66363584156274,Healthy
2025-12-31,SKU0035,WH02,South,Home Care,DailyEssentials,SUP15,No Risk,Healthy,No Action,10.37719298245614,1938.144,36.19047619047619,0.4698949586730142,0.8390297684674752,89.40973900637327,Healthy
2025-12-31,SKU0035,WH03,South,Home Care,DailyEssentials,SUP15,No Risk,Healthy,No Action,19.65442764578834,3727.2,35.6078803202697,0.4899596055158093,0.8390297684674752,93.27471479682005,Healthy
2025-12-31,SKU0035,WH04,North,Home Care,DailyEssentials,SUP15,Critical Stockout Risk,Healthy,Reorder Now,3.885393258426966,708.168,36.79768917082012,0.4994675446274543,0.8390297684674752,51.402616519722116,At Risk
2025-12-31,SKU0035,WH05,South,Home Care,DailyEssentials,SUP15,No Risk,Healthy,No Action,13.457746478873238,2348.136,39.36455696202532,0.5336853298516875,0.8390297684674752,91.0824094221245,Healthy
2025-12-31,SKU0036,WH01,North,Home Care,SurfStyle,SUP2,Critical Stockout Risk,Healthy,Reorder Now,0.0,0.0,28.79451354574885,0.5478603706797124,0.8758700696055685,47.60662682287012,Critical
2025-12-31,SKU0036,WH02,South,Home Care,SurfStyle,SUP2,Critical Stockout Risk,Healthy,Reorder Now,4.615942028985508,893.97,30.514943457189016,0.5762345489947676,0.8758700696055685,49.889252176638514,Critical
2025-12-31,SKU0036,WH03,South,Home Care,SurfStyle,SUP2,No Risk,Healthy,No Action,15.79861111111111,3192.75,24.99286733238231,0.493108079854634,0.8758700696055685,89.19768789120698,Healthy
2025-12-31,SKU0036,WH04,North,Home Care,SurfStyle,SUP2,Critical Stockout Risk,Healthy,Reorder Now,4.203233256351039,851.4,19.97535389282103,0.561603853785432,0.8758700696055685,47.15622168166268,Critical
2025-12-31,SKU0036,WH05,South,Home Care,SurfStyle,SUP2,Critical Stockout Risk,Healthy,Reorder Now,6.814977973568282,1447.38,49.245170876671615,0.4293718147929991,0.8758700696055685,54.34962961731918,At Risk
2025-12-31,SKU0037,WH01,North,Home Care,DailyEssentials,SUP14,Critical Stockout Risk,Healthy,Reorder Now,11.741935483870968,1026.192,25.715909090909093,1.2353687584993558,0.7638190954773869,45.426314135524926,Critical
2025-12-31,SKU0037,WH02,South,Home Care,DailyEssentials,SUP14,Critical Stockout Risk,Healthy,Reorder Now,13.0,769.644,15.54766734279919,1.55932083981504,0.7638190954773869,43.42061851796201,Critical
2025-12-31,SKU0037,WH03,South,Home Care,DailyEssentials,SUP14,No Risk,Slow Moving,No Action,28.54901960784313,2052.384,16.34328358208955,1.3617220027466403,0.7638190954773869,68.92479266141876,At Risk
2025-12-31,SKU0037,WH04,North,Home Care,DailyEssentials,SUP14,No Risk,Slow Moving,No Action,53.08333333333333,3591.672,13.353658536585366,1.2428809622887274,0.7638190954773869,57.12819407089191,At Risk
2025-12-31,SKU0037,WH05,South,Home Care,DailyEssentials,SUP14,Critical Stockout Risk,Healthy,Reorder Now,12.551724137931036,1026.192,17.74518021793797,1.3540551876428282,0.7638190954773869,43.774705101351735,Critical
2025-12-31,SKU0038,WH01,North,Personal Care,DailyEssentials,SUP1,No Risk,Healthy,No Action,33.423242467718794,94417.92,27.87847241247055,0.4126222150474351,0.8992974238875878,86.66351702117169,Healthy
2025-12-31,SKU0038,WH02,South,Personal Care,DailyEssentials,SUP1,Reorder Soon,Healthy,Reorder Soon,10.965373961218836,32087.34,24.353571758617505,0.3752119912626251,0.8992974238875878,68.79969105103943,At Risk
2025-12-31,SKU0038,WH03,South,Personal Care,DailyEssentials,SUP1,No Risk,Healthy,No Action,15.862385321100916,49053.06,23.413762663415863,0.3911487133764107,0.8992974238875878,89.88663341947728,Healthy
2025-12-31,SKU0038,WH04,North,Personal Care,DailyEssentials,SUP1,No Risk,Healthy,No Action,29.423333333333336,89438.84999999999,26.221264367816087,0.3089916695508988,0.8992974238875878,88.8832236309691,Healthy
2025-12-31,SKU0038,WH05,South,Personal Care,DailyEssentials,SUP1,No Risk,Healthy,No Action,16.137333333333334,49053.06,22.557785010918376,0.3487805918261048,0.8992974238875878,90.1368345314966,Healthy
2025-12-31,SKU0039,WH01,North,Personal Care,GlowCare,SUP8,Critical Stockout Risk,Healthy,Reorder Now,3.918055555555555,1428.294,30.02399177424883,0.4469111236802411,0.7875116495806151,49.61433112258981,Critical
2025-12-31,SKU0039,WH02,South,Personal Care,GlowCare,SUP8,No Risk,Healthy,No Action,16.511596180081856,6127.842000000001,33.6069589247582,0.43965325006536576,0.7875116495806151,91.24640742949673,Healthy
2025-12-31,SKU0039,WH03,South,Personal Care,GlowCare,SUP8,Critical Stockout Risk,Healthy,Reorder Now,0.0,0.0,31.564538825636436,0.42052454642813236,0.7875116495806151,48.45445452447501,Critical
2025-12-31,SKU0039,WH04,North,Personal Care,GlowCare,SUP8,Critical Stockout Risk,Healthy,Reorder Now,0.0,0.0,32.1062724236051,0.4482295533667846,0.7875116495806151,48.36719865212902,Critical
2025-12-31,SKU0039,WH05,South,Personal Care,GlowCare,SUP8,Reorder Soon,Healthy,Reorder Soon,10.411016949152543,3731.9940000000006,22.3662800761641,0.39952848005270136,0.7875116495806151,66.73288798307055,At Risk
2025-12-31,SKU0040,WH01,North,Personal Care,FreshFoods,SUP9,Critical Stockout Risk,Healthy,Reorder Now,0.0,0.0,26.020408163265305,0.5463349393448985,0.8878048780487805,47.03667680379182,Critical
2025-12-31,SKU0040,WH02,South,Personal Care,FreshFoods,SUP9,No Risk,Healthy,No Action,18.2,6514.764,19.78890298765717,0.5591207069959943,0.8878048780487805,88.54705764137937,Healthy
2025-12-31,SKU0040,WH03,South,Personal Care,FreshFoods,SUP9,No Risk,Healthy,No Action,34.103250478011475,13583.976,21.2270654953853,0.4258808182628072,0.8878048780487805,84.45293658000483,Healthy
2025-12-31,SKU0040,WH04,North,Personal Care,FreshFoods,SUP9,Critical Stockout Risk,Healthy,Reorder Now,2.541899441340782,1039.59,27.54039623436841,0.4672064033459322,0.8878048780487805,49.20553187602604,Critical
2025-12-31,SKU0040,WH05,South,Personal Care,FreshFoods,SUP9,No Risk,Healthy,No Action,20.29616087751371,8455.332,22.794268752140653,0.47735194333099584,0.8878048780487805,90.64585088024498,Healthy
2025-12-31,SKU0041,WH01,North,Personal Care,SurfStyle,SUP6,Critical Stockout Risk,Healthy,Reorder Now,0.0,0.0,25.564202334630345,1.2570804271304,0.8953771289537713,41.4196527414057,Critical
2025-12-31,SKU0041,WH02,South,Personal Care,SurfStyle,SUP6,Critical Stockout Risk,Healthy,Reorder Now,9.454545454545457,1316.736,27.90963257199603,1.0411196911032559,0.8953771289537713,47.83944500896843,Critical
2025-12-31,SKU0041,WH03,South,Personal Care,SurfStyle,SUP6,No Risk,Healthy,No Action,23.255555555555556,3785.616,23.16643159379408,0.9229463169535121,0.8953771289537713,85.87684134911729,Healthy
2025-12-31,SKU0041,WH04,North,Personal Care,SurfStyle,SUP6,Critical Stockout Risk,Healthy,Reorder Now,7.184210526315789,987.552,27.574552683896624,0.9819351688885967,0.8953771289537713,47.21214857501315,Critical
2025-12-31,SKU0041,WH05,South,Personal Care,SurfStyle,SUP6,No Risk,Healthy,No Action,19.157894736842103,2633.472,20.000000000000004,1.2008720669350952,0.8953771289537713,83.91217845377166,Healthy
2025-12-31,SKU0042,WH01,North,Home Care,DailyEssentials,SUP3,No Risk,Healthy,No Action,12.845849802371545,51063.0,37.25734870317002,0.30517372212438654,0.8966685488424618,92.70029961081424,Healthy
2025-12-31,SKU0042,WH02,South,Home Care,DailyEssentials,SUP3,No Risk,Healthy,No Action,11.62305295950156,50245.992000000006,32.81473183027587,0.3009959141963121,0.8966685488424618,91.0602023066635,Healthy
2025-12-31,SKU0042,WH03,South,Home Care,DailyEssentials,SUP3,Reorder Soon,Healthy,Reorder Soon,6.456081081081081,25735.752,38.55587937905193,0.36442897403266633,0.8966685488424618,70.42365972301899,At Risk
2025-12-31,SKU0042,WH04,North,Home Care,DailyEssentials,SUP3,Critical Stockout Risk,Healthy,Reorder Now,4.27007299270073,18382.68,34.33735530704335,0.322738638446006,0.8966685488424618,52.960464475953486,At Risk
2025-12-31,SKU0042,WH05,South,Home Care,DailyEssentials,SUP3,No Risk,Healthy,No Action,16.770680628272252,71896.704,33.65760633418626,0.3004463641825078,0.8966685488424618,93.5942692905688,Healthy
2025-12-31,SKU0043,WH01,North,Personal Care,FreshFoods,SUP3,No Risk,Healthy,No Action,12.101063829787233,2703.75,29.56484274019819,0.7422062904317512,0.8966685488424618,86.8816763359366,Healthy
2025-12-31,SKU0043,WH02,South,Personal Care,FreshFoods,SUP3,No Risk,Slow Moving,No Action,25.518518518518515,5731.95,45.95936042638242,0.7637576268318501,0.8966685488424618,81.30065176199983,Healthy
2025-12-31,SKU0043,WH03,South,Personal Care,FreshFoods,SUP3,Reorder Soon,Healthy,Reorder Soon,8.314720812182742,1946.7,40.37338573834924,0.8008655250748106,0.8966685488424618,67.97521702086658,At Risk
2025-12-31,SKU0043,WH04,North,Personal Care,FreshFoods,SUP3,Reorder Soon,Healthy,Reorder Soon,8.942196531791907,1838.55,26.07142857142857,0.7960190300705262,0.8966685488424618,64.89098674516808,At Risk
2025-12-31,SKU0043,WH05,South,Personal Care,FreshFoods,SUP3,Reorder Soon,Healthy,Reorder Soon,7.620689655172414,1838.55,24.19823644676682,0.7650718389455481,0.8966685488424618,64.07304831138711,At Risk
2025-12-31,SKU0044,WH01,North,Home Care,GlowCare,SUP13,No Risk,Slow Moving,No Action,26.988593155893536,2757.924,25.24191427820142,0.6368598700938385,0.7944974733295901,77.02902449673459,Healthy
2025-12-31,SKU0044,WH02,South,Home Care,GlowCare,SUP13,No Risk,Slow Moving,No Action,37.731707317073166,3606.516,31.54954321855236,0.6078247038912356,0.7944974733295901,74.02503668977252,At Risk
2025-12-31,SKU0044,WH03,South,Home Care,GlowCare,SUP13,No Risk,Healthy,No Action,20.77952755905512,2050.764,24.94215765402206,0.5690243919979431,0.7944974733295901,89.2964229336132,Healthy
2025-12-31,SKU0044,WH04,North,Home Care,GlowCare,SUP13,Critical Stockout Risk,Healthy,Reorder Now,3.684210526315789,353.58,42.48586239396796,0.6147364415603916,0.7944974733295901,50.62651165012,At Risk
2025-12-31,SKU0044,WH05,South,Home Care,GlowCare,SUP13,No Risk,Healthy,No Action,16.91449814126394,1767.9,33.475963177633815,0.7022395686173758,0.7944974733295901,89.33877458556262,Healthy
2025-12-31,SKU0045,WH01,North,Home Care,SurfStyle,SUP5,No Risk,Healthy,No Action,16.61111111111111,6712.596,27.5119643245595,0.32016909197757115,0.8683368869936035,91.52508891405405,Healthy
2025-12-31,SKU0045,WH02,South,Home Care,SurfStyle,SUP5,Critical Stockout Risk,Healthy,Reorder Now,3.935491664653298,1583.0759999999998,44.92624973979243,0.3047236753461947,0.8683368869936035,53.98756908963645,At Risk
2025-12-31,SKU0045,WH03,South,Home Care,SurfStyle,SUP5,No Risk,Healthy,No Action,18.05916125811283,7030.98,38.44934129217176,0.3162145764776999,0.8683368869936035,94.97508355714746,Healthy
2025-12-31,SKU0045,WH04,North,Home Care,SurfStyle,SUP5,No Risk,Healthy,No Action,11.077870872350912,4368.936,30.929878048780484,0.30608930714747384,0.8683368869936035,90.01359144313494,Healthy
2025-12-31,SKU0045,WH05,South,Home Care,SurfStyle,SUP5,No Risk,Healthy,No Action,15.07255369928401,6137.736,33.66610165760451,0.30498513578562736,0.8683368869936035,92.51220240635217,Healthy
2025-12-31,SKU0046,WH01,North,Home Care,DailyEssentials,SUP5,No Risk,Healthy,No Action,9.771051320378676,22777.488,31.617212283389804,0.3129763786950879,0.8683368869936035,89.54361656305258,Healthy
2025-12-31,SKU0046,WH02,South,Home Care,DailyEssentials,SUP5,No Risk,Healthy,No Action,15.858534085084573,35936.64,41.16747600878714,0.30087354310044,0.8683368869936035,94.38410541476114,Healthy
2025-12-31,SKU0046,WH03,South,Home Care,DailyEssentials,SUP5,No Risk,Healthy,No Action,10.575488454706928,24204.384,41.07787423610714,0.27174811751046535,0.8683368869936035,92.24250834366345,Healthy
2025-12-31,SKU0046,WH04,North,Home Care,DailyEssentials,SUP5,No Risk,Healthy,No Action,17.95147524993904,42754.032,37.48910538970146,0.32830777319853566,0.8683368869936035,94.58585936806834,Healthy
2025-12-31,SKU0046,WH05,South,Home Care,DailyEssentials,SUP5,No Risk,Healthy,No Action,12.893548387096777,30176.208,37.66548024479553,0.3130727841224283,0.8683368869936035,92.47773115376708,Healthy
2025-12-31,SKU0047,WH01,North,Personal Care,GlowCare,SUP14,No Risk,Slow Moving,No Action,26.995215311004788,2039.304,25.624790057104462,0.8171390303605361,0.7638190954773869,75.35672118399276,Healthy
2025-12-31,SKU0047,WH02,South,Personal Care,GlowCare,SUP14,Reorder Soon,Healthy,Reorder Soon,14.240458015267176,1348.572,27.29945760776477,0.571505180811352,0.7638190954773869,68.07477562598515,At Risk
2025-12-31,SKU0047,WH03,South,Personal Care,GlowCare,SUP14,Reorder Soon,Healthy,Reorder Soon,17.366412213740457,1644.6,30.32022828154724,0.6727679550761043,0.7638190954773869,69.42575692190778,At Risk
2025-12-31,SKU0047,WH04,North,Personal Care,GlowCare,SUP14,Critical Stockout Risk,Healthy,Reorder Now,2.699152542372881,230.244,30.874551971326163,0.6824940018036826,0.7638190954773869,47.1369601964958,Critical
2025-12-31,SKU0047,WH05,South,Personal Care,GlowCare,SUP14,No Risk,Healthy,No Action,22.75,1809.06,23.99163429937257,0.689575733606055,0.7638190954773869,86.88663725383091,Healthy
2025-12-31,SKU0048,WH01,North,Personal Care,DailyEssentials,SUP3,Reorder Soon,Healthy,Reorder Soon,8.666666666666666,865.44,27.638221153846157,1.2311681584144194,0.8966685488424618,61.640703582598064,At Risk
2025-12-31,SKU0048,WH02,South,Personal Care,DailyEssentials,SUP3,No Risk,Healthy,No Action,12.771929824561404,1153.92,30.021645021645025,1.498555555452861,0.8966685488424618,83.30734374340494,Healthy
2025-12-31,SKU0048,WH03,South,Personal Care,DailyEssentials,SUP3,No Risk,Healthy,No Action,19.97560975609756,1298.16,24.73553719008265,1.5958461182400983,0.8966685488424618,85.21199939734005,Healthy
2025-12-31,SKU0048,WH04,North,Personal Care,DailyEssentials,SUP3,No Risk,Healthy,No Action,17.0625,1298.16,23.9671682626539,1.305562943241509,0.8966685488424618,83.70675862569801,Healthy
2025-12-31,SKU0048,WH05,South,Personal Care,DailyEssentials,SUP3,No Risk,Healthy,No Action,13.5531914893617,1009.68,31.07789855072464,1.3648935709560728,0.8966685488424618,83.92606671269469,Healthy
2025-12-31,SKU0049,WH01,North,Home Care,FreshFoods,SUP14,Reorder Soon,Healthy,Reorder Soon,14.903225806451612,4072.464,26.580231297434047,0.4473816115955177,0.7638190954773869,69.19590293871687,At Risk
2025-12-31,SKU0049,WH02,South,Home Care,FreshFoods,SUP14,Reorder Soon,Healthy,Reorder Soon,11.311875693673697,3455.424,21.848591549295776,0.3952185053148204,0.7638190954773869,66.80530109148174,At Risk
2025-12-31,SKU0049,WH03,South,Home Care,FreshFoods,SUP14,Reorder Soon,Healthy,Reorder Soon,15.71915393654524,4535.244,19.356577553436782,0.47351292147174034,0.7638190954773869,67.52447649706404,At Risk
2025-12-31,SKU0049,WH04,North,Home Care,FreshFoods,SUP14,No Risk,Healthy,No Action,23.29759299781181,7219.368,28.821598272138225,0.39988116976745547,0.7638190954773869,90.20695829314019,Healthy
2025-12-31,SKU0049,WH05,South,Home Care,FreshFoods,SUP14,Reorder Soon,Healthy,Reorder Soon,15.166666666666666,4566.0960000000005,23.36842105263158,0.441259302121378,0.7638190954773869,68.5516579929417,At Risk
2025-12-31,SKU0050,WH01,North,Personal Care,DailyEssentials,SUP14,No Risk,Healthy,No Action,27.127853881278536,49945.530000000006,29.60085700682432,0.38367457446980824,0.7638190954773869,88.81163074266132,Healthy
2025-12-31,SKU0050,WH02,South,Personal Care,DailyEssentials,SUP14,Reorder Soon,Healthy,Reorder Soon,13.380611581001952,24699.54,27.55968756140696,0.3802795406205052,0.7638190954773869,69.30165614652802,At Risk
2025-12-31,SKU0050,WH03,South,Personal Care,DailyEssentials,SUP14,No Risk,Healthy,No Action,18.82128514056225,33770.61,28.26612067178105,0.4449247663031136,0.7638190954773869,90.6553253019018,Healthy
2025-12-31,SKU0050,WH04,North,Personal Care,DailyEssentials,SUP14,No Risk,Healthy,No Action,34.03413217138707,56284.350000000006,33.21690569030467,0.36226224378885197,0.7638190954773869,86.79173761374105,Healthy
2025-12-31,SKU0050,WH05,South,Personal Care,DailyEssentials,SUP14,No Risk,Healthy,No Action,22.44666666666667,40437.3,27.1483115981554,0.41505958519140274,0.7638190954773869,90.0437845619285,Healthy
2025-12-31,SKU0051,WH01,North,Home Care,DailyEssentials,SUP9,No Risk,Slow Moving,No Action,51.56666666666667,5019.42,14.867617107942973,1.3606824721893997,0.8878048780487805,59.433473159600894,At Risk
2025-12-31,SKU0051,WH02,South,Home Care,DailyEssentials,SUP9,No Risk,Slow Moving,No Action,40.04,4871.79,20.30786350148368,1.1942198238407875,0.8878048780487805,66.3291209841255,At Risk
2025-12-31,SKU0051,WH03,South,Home Care,DailyEssentials,SUP9,Critical Stockout Risk,Healthy,Reorder Now,8.75,738.15,18.792079207920796,1.4322670452429211,0.8878048780487805,43.56857626798856,Critical
2025-12-31,SKU0051,WH04,North,Home Care,DailyEssentials,SUP9,No Risk,Healthy,No Action,24.677966101694917,2362.08,20.27777777777778,1.3674860854888262,0.8878048780487805,81.90176506290433,Healthy
2025-12-31,SKU0051,WH05,South,Home Care,DailyEssentials,SUP9,No Risk,Slow Moving,No Action,28.166666666666664,1919.19,16.681175190424376,1.55932083981504,0.8878048780487805,70.422171280274,At Risk
2025-12-31,SKU0052,WH01,North,Personal Care,SurfStyle,SUP3,Critical Stockout Risk,Healthy,Reorder Now,3.314830875975716,10462.032,33.240788278504,0.33784354728324956,0.8966685488424618,52.13097805705834,At Risk
2025-12-31,SKU0052,WH02,South,Personal Care,SurfStyle,SUP3,Critical Stockout Risk,Healthy,Reorder Now,2.788300835654596,8220.168,39.76380740441028,0.3311626272090116,0.8966685488424618,53.540623667175694,At Risk
2025-12-31,SKU0052,WH03,South,Personal Care,SurfStyle,SUP3,No Risk,Healthy,No Action,20.04387155133424,60654.876,21.293833610385494,0.30827166476359813,0.8966685488424618,91.83724006233375,Healthy
2025-12-31,SKU0052,WH04,North,Personal Care,SurfStyle,SUP3,Critical Stockout Risk,Healthy,Reorder Now,4.229747675962815,13077.54,36.966375252185614,0.3296561885222683,0.8966685488424618,53.551270354295276,At Risk
2025-12-31,SKU0052,WH05,South,Personal Care,SurfStyle,SUP3,Critical Stockout Risk,Healthy,Reorder Now,2.216563330380868,6850.14,28.899992986885483,0.32569005343195284,0.8966685488424618,50.637236419551826,At Risk
2025-12-31,SKU0053,WH01,North,Home Care,GlowCare,SUP3,Critical Stockout Risk,Healthy,Reorder Now,5.395256916996048,701.2800000000001,32.862989323843415,0.5769962826920121,0.8966685488424618,51.035646957604904,At Risk
2025-12-31,SKU0053,WH02,South,Home Care,GlowCare,SUP3,Critical Stockout Risk,Healthy,Reorder Now,0.3714285714285714,46.752,41.058310376492194,0.6497164914594493,0.8966685488424618,49.874303247523876,Critical
2025-12-31,SKU0053,WH03,South,Home Care,GlowCare,SUP3,Reorder Soon,Healthy,Reorder Soon,7.193675889328064,935.04,34.794649585531275,0.7521935175495399,0.8966685488424618,66.66526434757859,At Risk
2025-12-31,SKU0053,WH04,North,Home Care,GlowCare,SUP3,No Risk,Healthy,No Action,13.863281249999998,1823.328,21.4115490375802,0.6721860653459818,0.8966685488424618,86.17930591684097,Healthy
2025-12-31,SKU0053,WH05,South,Home Care,GlowCare,SUP3,Critical Stockout Risk,Healthy,Reorder Now,3.485106382978723,420.768,33.88976689055709,0.7094969671400763,0.8966685488424618,49.3631718290985,Critical
2025-12-31,SKU0054,WH01,North,Home Care,GlowCare,SUP5,Reorder Soon,Healthy,Reorder Soon,8.67013610888711,20234.76,44.38997078870496,0.33494847908085634,0.8683368869936035,71.62348604227331,At Risk
2025-12-31,SKU0054,WH02,South,Home Care,GlowCare,SUP5,Critical Stockout Risk,Healthy,Reorder Now,3.465964343598055,7991.879999999999,42.12588851477741,0.3506105888741938,0.8683368869936035,53.40482227928854,At Risk
2025-12-31,SKU0054,WH03,South,Home Care,GlowCare,SUP5,No Risk,Healthy,No Action,17.319114027891715,39449.28,37.10884070058382,0.39121853951239566,0.8683368869936035,93.69584810403506,Healthy
2025-12-31,SKU0054,WH04,North,Home Care,GlowCare,SUP5,No Risk,Healthy,No Action,22.167571761055083,53392.56,32.38247642645742,0.33084048424522344,0.8683368869936035,93.22018041163592,Healthy
2025-12-31,SKU0054,WH05,South,Home Care,GlowCare,SUP5,No Risk,Healthy,No Action,11.9140562248996,27716.52,35.35555901345989,0.3949512472105106,0.8683368869936035,90.78990283880348,Healthy
2025-12-31,SKU0055,WH01,North,Home Care,GlowCare,SUP9,No Risk,Healthy,No Action,17.335671883432273,53636.232,35.444135834818155,0.30951716851559524,0.8878048780487805,94.1383113655528,Healthy
2025-12-31,SKU0055,WH02,South,Home Care,GlowCare,SUP9,No Risk,Healthy,No Action,30.66880093131548,87975.57599999999,20.50253392185712,0.34857764354755477,0.8878048780487805,86.44096269242702,Healthy
2025-12-31,SKU0055,WH03,South,Home Care,GlowCare,SUP9,Critical Stockout Risk,Healthy,Reorder Now,0.0,0.0,27.720061297156,0.33178018409596105,0.8878048780487805,49.20340916035036,Critical
2025-12-31,SKU0055,WH04,North,Home Care,GlowCare,SUP9,No Risk,Healthy,No Action,17.037222222222223,51205.128,26.528304934183964,0.3777072737405096,0.8878048780487805,91.19694684550514,Healthy
2025-12-31,SKU0055,WH05,South,Home Care,GlowCare,SUP9,Critical Stockout Risk,Healthy,Reorder Now,7.039237668161435,20968.272,32.90348660939869,0.3194462306909819,0.8878048780487805,53.78193991040631,At Risk
2025-12-31,SKU0056,WH01,North,Personal Care,SurfStyle,SUP3,No Risk,Healthy,No Action,14.625,1410.75,30.50746268656717,1.4076921617392848,0.8966685488424618,84.26410181141667,Healthy
2025-12-31,SKU0056,WH02,South,Personal Care,SurfStyle,SUP3,Critical Stockout Risk,Healthy,Reorder Now,5.6875,627.0,24.082474226804123,1.2448875486085302,0.8966685488424618,43.61717263735501,Critical
2025-12-31,SKU0056,WH03,South,Personal Care,SurfStyle,SUP3,Critical Stockout Risk,Healthy,Reorder Now,0.0,0.0,34.69210174029452,1.2353111024370627,0.8966685488424618,43.741284086151516,Critical
2025-12-31,SKU0056,WH04,North,Personal Care,SurfStyle,SUP3,No Risk,Healthy,No Action,14.756756756756756,1881.0,34.717223650385606,1.1581255408123057,0.8966685488424618,86.01300408952926,Healthy
2025-12-31,SKU0056,WH05,South,Personal Care,SurfStyle,SUP3,Critical Stockout Risk,Healthy,Reorder Now,6.791044776119403,783.75,24.16501976284585,1.177726591681761,0.8966685488424618,44.60082196797647,Critical
2025-12-31,SKU0057,WH01,North,Home Care,FreshFoods,SUP7,No Risk,Healthy,No Action,18.098513011152416,3502.7519999999995,24.297203662459783,0.47950827328708573,0.8332124728063814,89.74020743363543,Healthy
2025-12-31,SKU0057,WH02,South,Home Care,FreshFoods,SUP7,Reorder Soon,Healthy,Reorder Soon,7.109374999999999,1309.4399999999998,21.357714285714284,0.5182807730533681,0.8332124728063814,64.48775101869742,At Risk
2025-12-31,SKU0057,WH03,South,Home Care,FreshFoods,SUP7,Reorder Soon,Healthy,Reorder Soon,8.603636363636364,1702.272,28.515625,0.43907817284998146,0.8332124728063814,67.61175235501837,At Risk
2025-12-31,SKU0057,WH04,North,Home Care,FreshFoods,SUP7,No Risk,Healthy,No Action,25.514018691588785,4910.4,33.39175786593707,0.4361202488967388,0.8332124728063814,90.76605879949993,Healthy
2025-12-31,SKU0057,WH05,South,Home Care,FreshFoods,SUP7,No Risk,Healthy,No Action,19.699233716475096,3699.168,34.36688311688312,0.496378518057194,0.8332124728063814,92.87086086685666,Healthy
2025-12-31,SKU0058,WH01,North,Home Care,SurfStyle,SUP2,No Risk,Healthy,No Action,18.37913385826772,16030.223999999998,22.774952710835976,0.29849185653380744,0.8758700696055685,91.37339157549907,Healthy
2025-12-31,SKU0058,WH02,South,Home Care,SurfStyle,SUP2,Reorder Soon,Healthy,Reorder Soon,10.543990573448546,9218.16,34.13871643216634,0.2972793641307936,0.8758700696055685,71.4815969981054,At Risk
2025-12-31,SKU0058,WH03,South,Home Care,SurfStyle,SUP2,No Risk,Healthy,No Action,27.649719775820657,23717.232,36.17560704650055,0.27094313872779835,0.8758700696055685,92.27280691387367,Healthy
2025-12-31,SKU0058,WH04,North,Home Care,SurfStyle,SUP2,Critical Stockout Risk,Healthy,Reorder Now,1.9325633383010437,1781.136,33.52933123417071,0.32686170184437885,0.8758700696055685,51.462852450776836,At Risk
2025-12-31,SKU0058,WH05,South,Home Care,SurfStyle,SUP2,No Risk,Healthy,No Action,11.130974783590515,10155.6,36.140903331594245,0.2860582267258671,0.8758700696055685,91.5929836849181,Healthy
2025-12-31,SKU0059,WH01,North,Home Care,FreshFoods,SUP9,No Risk,Healthy,No Action,22.453953953953956,96244.446,22.218938516848457,0.3419060207114154,0.8878048780487805,90.62577670255652,Healthy
2025-12-31,SKU0059,WH02,South,Home Care,FreshFoods,SUP9,No Risk,Healthy,No Action,29.575,126894.3,26.197739099228425,0.3580090315434328,0.8878048780487805,88.29729715893367,Healthy
2025-12-31,SKU0059,WH03,South,Home Care,FreshFoods,SUP9,No Risk,Healthy,No Action,24.57833163784333,103662.882,29.17388299386104,0.394744969960143,0.8878048780487805,91.00116420154475,Healthy
2025-12-31,SKU0059,WH04,North,Home Care,FreshFoods,SUP9,No Risk,Healthy,No Action,12.417330677290837,53490.828,29.48189863234111,0.2898511241407661,0.8878048780487805,90.57624476753152,Healthy
2025-12-31,SKU0059,WH05,South,Home Care,FreshFoods,SUP9,No Risk,Healthy,No Action,15.306757413709285,67546.812,23.60799295663931,0.30277756695067154,0.8878048780487805,90.28617548685139,Healthy
2025-12-31,SKU0060,WH01,North,Foods & Refreshment,FreshFoods,SUP1,No Risk,Healthy,No Action,20.15761448349308,18118.464,27.595410628019323,0.41391307735759636,0.8992974238875878,92.55100592719135,Healthy
2025-12-31,SKU0060,WH02,South,Foods & Refreshment,FreshFoods,SUP1,No Risk,Healthy,No Action,24.184684684684683,20557.488,32.775811507735874,0.3695953647118689,0.8992974238875878,92.4078451567353,Healthy
2025-12-31,SKU0060,WH03,South,Foods & Refreshment,FreshFoods,SUP1,Reorder Soon,Healthy,Reorder Soon,13.90277777777778,11498.256,24.284614199907598,0.37530252651216817,0.8992974238875878,70.1033486354279,At Risk
2025-12-31,SKU0060,WH04,North,Foods & Refreshment,FreshFoods,SUP1,Critical Stockout Risk,Healthy,Reorder Now,8.052238805970148,7229.964,23.331743219299444,0.4074350460497789,0.8992974238875878,51.219482921288005,At Risk
2025-12-31,SKU0060,WH05,South,Foods & Refreshment,FreshFoods,SUP1,No Risk,Healthy,No Action,17.241031390134527,14721.252,29.930134215848504,0.3883893064437756,0.8992974238875878,92.17752928882327,Healthy
2025-12-31,SKU0061,WH01,North,Foods & Refreshment,DailyEssentials,SUP11,No Risk,Healthy,No Action,13.009730538922156,12871.872,22.38112722599596,0.36297236774341374,0.8482328482328483,88.0592020059201,Healthy
2025-12-31,SKU0061,WH02,South,Foods & Refreshment,DailyEssentials,SUP11,No Risk,Healthy,No Action,8.827389443651926,9165.312,38.60365117682559,0.3491314309299861,0.8482328482328483,90.39230952779688,Healthy
2025-12-31,SKU0061,WH03,South,Foods & Refreshment,DailyEssentials,SUP11,No Risk,Healthy,No Action,9.775265017667843,10243.584,40.99007936507937,0.3812245418582012,0.8482328482328483,90.79514394258422,Healthy
2025-12-31,SKU0061,WH04,North,Foods & Refreshment,DailyEssentials,SUP11,Critical Stockout Risk,Healthy,Reorder Now,2.3677918424753868,2493.504,37.76686313032089,0.3604509406004505,0.8482328482328483,52.182211519359285,At Risk
2025-12-31,SKU0061,WH05,South,Foods & Refreshment,DailyEssentials,SUP11,No Risk,Healthy,No Action,9.264259927797834,9502.272,30.45698276900831,0.4249988063822553,0.8482328482328483,87.91423283799654,Healthy
2025-12-31,SKU0062,WH01,North,Personal Care,FreshFoods,SUP1,No Risk,Healthy,No Action,16.494103041589074,61712.448,32.71566472862826,0.31337447562666343,0.8992974238875878,93.15320104166345,Healthy
2025-12-31,SKU0062,WH02,South,Personal Care,FreshFoods,SUP1,No Risk,Healthy,No Action,23.697052567608623,90560.904,25.246747514659837,0.32176013927843716,0.8992974238875878,91.11020604179909,Healthy
2025-12-31,SKU0062,WH03,South,Personal Care,FreshFoods,SUP1,No Risk,Healthy,No Action,22.207339449541283,84326.256,22.81162799587172,0.30023542215879445,0.8992974238875878,91.33891395415236,Healthy
2025-12-31,SKU0062,WH04,North,Personal Care,FreshFoods,SUP1,No Risk,Overstock,No Action,35.47736873868437,136528.224,22.531199940394146,0.380069583243495,0.8992974238875878,69.65020675095242,At Risk
2025-12-31,SKU0062,WH05,South,Personal Care,FreshFoods,SUP1,No Risk,Healthy,No Action,19.26277372262774,70483.224,21.767227511024476,0.340803773586681,0.8992974238875878,91.40790243664118,Healthy
2025-12-31,SKU0063,WH01,North,Home Care,GlowCare,SUP3,No Risk,Healthy,No Action,20.68996062992126,32622.282000000003,25.722411042519248,0.3888721829410938,0.8966685488424618,92.01413766082975,Healthy
2025-12-31,SKU0063,WH02,South,Home Care,GlowCare,SUP3,Critical Stockout Risk,Healthy,Reorder Now,3.578651685393259,5931.3240000000005,27.854233654876737,0.3643512841230509,0.8966685488424618,50.672708393076476,At Risk
2025-12-31,SKU0063,WH03,South,Home Care,GlowCare,SUP3,No Risk,Healthy,No Action,12.318398474737846,20053.524,39.17382852465725,0.38565034238946627,0.8966685488424618,92.29620941475406,Healthy
2025-12-31,SKU0063,WH04,North,Home Care,GlowCare,SUP3,Reorder Soon,Healthy,Reorder Soon,8.946629213483147,14828.31,40.29563779201984,0.518884387933211,0.8966685488424618,70.54224353032482,At Risk
2025-12-31,SKU0063,WH05,South,Home Care,GlowCare,SUP3,No Risk,Healthy,No Action,11.262376237623762,17652.75,41.50996509402094,0.39526329304886837,0.8966685488424618,91.835055792093,Healthy
2025-12-31,SKU0064,WH01,North,Foods & Refreshment,DailyEssentials,SUP3,No Risk,Healthy,No Action,16.70653685674548,26524.872,47.30263157894737,0.523900615227668,0.8966685488424618,93.24359506862984,Healthy
2025-12-31,SKU0064,WH02,South,Foods & Refreshment,DailyEssentials,SUP3,Reorder Soon,Healthy,Reorder Soon,8.4,14468.112,43.65894801410826,0.4937948291885339,0.8966685488424618,70.4993630692763,At Risk
2025-12-31,SKU0064,WH03,South,Foods & Refreshment,DailyEssentials,SUP3,Critical Stockout Risk,Healthy,Reorder Now,2.8511749347258486,4822.704,35.55767518758744,0.4685714658770124,0.8966685488424618,51.450079936263165,At Risk
2025-12-31,SKU0064,WH04,North,Foods & Refreshment,DailyEssentials,SUP3,Reorder Soon,Healthy,Reorder Soon,8.72279792746114,14870.004,32.29200091680037,0.48676367348550054,0.8966685488424618,68.86906463510672,At Risk
2025-12-31,SKU0064,WH05,South,Foods & Refreshment,DailyEssentials,SUP3,No Risk,Healthy,No Action,11.638095238095238,18888.924,36.86615363473959,0.4581624432327632,0.8966685488424618,90.81940599001051,Healthy
2025-12-31,SKU0065,WH01,North,Personal Care,GlowCare,SUP13,No Risk,Healthy,No Action,15.417256753212694,41624.364,30.155027842177105,0.26068572755625163,0.7944974733295901,91.39948715536562,Healthy
2025-12-31,SKU0065,WH02,South,Personal Care,GlowCare,SUP13,No Risk,Healthy,No Action,10.8022436733629,29317.47,34.017676951880766,0.28879884256295224,0.7944974733295901,90.07212149369514,Healthy
2025-12-31,SKU0065,WH03,South,Personal Care,GlowCare,SUP13,No Risk,Healthy,No Action,12.471573743477066,32152.566,37.75361495412063,0.2984908642031512,0.7944974733295901,91.68978230548788,Healthy
2025-12-31,SKU0065,WH04,North,Personal Care,GlowCare,SUP13,No Risk,Healthy,No Action,13.797481918028396,36469.644,28.307329538372045,0.2624490601710735,0.7944974733295901,90.18898100139299,Healthy
2025-12-31,SKU0065,WH05,South,Personal Care,GlowCare,SUP13,No Risk,Healthy,No Action,22.94803481930889,61598.904,34.20380669880114,0.26405175463369807,0.7944974733295901,93.13190378969526,Healthy
2025-12-31,SKU0066,WH01,North,Personal Care,GlowCare,SUP1,No Risk,Healthy,No Action,26.016372795969776,44187.366,30.48385400231408,0.4171207397498308,0.8992974238875878,90.61916413332575,Healthy
2025-12-31,SKU0066,WH02,South,Personal Care,GlowCare,SUP1,Reorder Soon,Healthy,Reorder Soon,12.88888888888889,22580.328,25.107928775407355,0.4410363154549391,0.8992974238875878,69.32321515062681,At Risk
2025-12-31,SKU0066,WH03,South,Personal Care,GlowCare,SUP1,No Risk,Overstock,No Action,42.87163029525032,71439.48599999999,18.980974632843797,0.4241324166126907,0.8992974238875878,65.06814720624016,At Risk
2025-12-31,SKU0066,WH04,North,Personal Care,GlowCare,SUP1,No Risk,Healthy,No Action,19.964285714285715,33481.176,27.901716068642745,0.4386787651082693,0.8992974238875878,92.4828530712881,Healthy
2025-12-31,SKU0066,WH05,South,Personal Care,GlowCare,SUP1,No Risk,Healthy,No Action,18.433333333333334,30755.964,23.798378333194016,0.41051007115358146,0.8992974238875878,90.9841074992563,Healthy
2025-12-31,SKU0067,WH01,North,Home Care,DailyEssentials,SUP7,Reorder Soon,Healthy,Reorder Soon,9.854,4195.53,31.677742511406464,0.31978256501705804,0.8332124728063814,69.93991225390903,At Risk
2025-12-31,SKU0067,WH02,South,Home Care,DailyEssentials,SUP7,No Risk,Healthy,No Action,15.76500857632933,6708.419999999999,27.79575042452214,0.3700295732292485,0.8332124728063814,90.46124987249665,Healthy
2025-12-31,SKU0067,WH03,South,Home Care,DailyEssentials,SUP7,Reorder Soon,Healthy,Reorder Soon,8.53452243958573,3608.82,36.993818521110335,0.35527103072683797,0.8332124728063814,70.40344447471806,At Risk
2025-12-31,SKU0067,WH04,North,Home Care,DailyEssentials,SUP7,Reorder Soon,Healthy,Reorder Soon,9.402308558558556,4062.69,32.485091455775496,0.3204970831869533,0.8332124728063814,69.93506749050877,At Risk
2025-12-31,SKU0067,WH05,South,Home Care,DailyEssentials,SUP7,No Risk,Healthy,No Action,23.39451476793249,9442.71,22.9308516681183,0.36858028776131474,0.8332124728063814,89.62073139559274,Healthy
2025-12-31,SKU0068,WH01,North,Home Care,GlowCare,SUP9,No Risk,Healthy,No Action,18.95833333333333,2981.55,27.07045735475896,0.9449908550083341,0.8878048780487805,87.60635012898281,Healthy
2025-12-31,SKU0068,WH02,South,Home Care,GlowCare,SUP9,Reorder Soon,Healthy,Reorder Soon,12.89763779527559,2146.716,24.735859124866597,0.8800341369819116,0.8878048780487805,65.56438544494335,At Risk
2025-12-31,SKU0068,WH03,South,Home Care,GlowCare,SUP9,No Risk,Slow Moving,No Action,26.169934640522875,5247.528,18.510109380178985,0.7924289674094772,0.8878048780487805,75.36848985957516,Healthy
2025-12-31,SKU0068,WH04,North,Home Care,GlowCare,SUP9,No Risk,Healthy,No Action,24.414634146341463,3935.646,23.046714579055447,0.898520100769424,0.8878048780487805,85.44698664341816,Healthy
2025-12-31,SKU0068,WH05,South,Home Care,GlowCare,SUP9,No Risk,Healthy,No Action,16.366906474820144,2981.55,26.260351966873703,0.9727110606758543,0.8878048780487805,86.01091232057108,Healthy
2025-12-31,SKU0069,WH01,North,Home Care,SurfStyle,SUP8,Critical Stockout Risk,Healthy,Reorder Now,0.0,0.0,37.02567313713212,0.361904448232939,0.7875116495806151,50.31025981224647,At Risk
2025-12-31,SKU0069,WH02,South,Home Care,SurfStyle,SUP8,No Risk,Healthy,No Action,16.696637426900583,33967.83,30.3519542884931,0.377659576240186,0.7875116495806151,91.00824234486338,Healthy
2025-12-31,SKU0069,WH03,South,Home Care,SurfStyle,SUP8,No Risk,Healthy,No Action,15.538138558432472,33020.520000000004,21.45998765686073,0.4178526361869246,0.7875116495806151,87.91253070587182,Healthy
2025-12-31,SKU0069,WH04,North,Home Care,SurfStyle,SUP8,No Risk,Healthy,No Action,17.144927536231883,36945.09,25.47492895332595,0.37180426765531227,0.7875116495806151,90.023840013289,Healthy
2025-12-31,SKU0069,WH05,South,Home Care,SurfStyle,SUP8,No Risk,Healthy,No Action,16.746955345060893,36809.76,23.04737898919127,0.4201341863748528,0.7875116495806151,88.83952326862706,Healthy
2025-12-31,SKU0070,WH01,North,Foods & Refreshment,GlowCare,SUP11,Monitor,Healthy,Monitor,7.77276390008058,2926.236,37.34869722955145,0.3696447722876552,0.8482328482328483,80.6842583662846,Healthy
2025-12-31,SKU0070,WH02,South,Foods & Refreshment,GlowCare,SUP11,No Risk,Healthy,No Action,11.481308411214954,4472.172,43.41052241570952,0.3606758277547646,0.8482328482328483,91.72920752740437,Healthy
2025-12-31,SKU0070,WH03,South,Foods & Refreshment,GlowCare,SUP11,No Risk,Healthy,No Action,8.594444444444443,3285.114,33.277858176555725,0.35916760953921284,0.8482328482328483,88.85920255665447,Healthy
2025-12-31,SKU0070,WH04,North,Foods & Refreshment,GlowCare,SUP11,No Risk,Healthy,No Action,12.422697368421051,4582.596,39.494571987898205,0.3865321516112028,0.8482328482328483,91.93277330775868,Healthy
2025-12-31,SKU0070,WH05,South,Foods & Refreshment,GlowCare,SUP11,Critical Stockout Risk,Healthy,Reorder Now,3.331977217249797,1242.27,39.77522610391914,0.37728898412981043,0.8482328482328483,52.92752319682543,At Risk
2025-12-31,SKU0071,WH01,North,Personal Care,DailyEssentials,SUP13,Critical Stockout Risk,Healthy,Reorder Now,4.383586083853702,1870.128,40.712935323383086,0.46109960771796443,0.7944974733295901,52.184937397262374,At Risk
2025-12-31,SKU0071,WH02,South,Personal Care,DailyEssentials,SUP13,No Risk,Healthy,No Action,27.096385542168672,11982.672,33.69052347287315,0.3894857714249411,0.7944974733295901,90.11992078927437,Healthy
2025-12-31,SKU0071,WH03,South,Personal Care,DailyEssentials,SUP13,No Risk,Healthy,No Action,28.50602409638554,11705.616,29.1772855237813,0.438873326389499,0.7944974733295901,87.94426533386198,Healthy
2025-12-31,SKU0071,WH04,North,Personal Care,DailyEssentials,SUP13,No Risk,Healthy,No Action,15.264516129032256,6303.023999999999,29.62041884816754,0.40324616436064076,0.7944974733295901,90.04149461527388,Healthy
2025-12-31,SKU0071,WH05,South,Personal Care,DailyEssentials,SUP13,No Risk,Healthy,No Action,11.847169811320756,4779.215999999999,41.65141565292281,0.4119907320277595,0.7944974733295901,90.94109172182493,Healthy
2025-12-31,SKU0072,WH01,North,Home Care,SurfStyle,SUP6,Critical Stockout Risk,Healthy,Reorder Now,1.95,1372.5,25.25701858442072,0.4584708884493709,0.8953771289537713,48.50808631590004,Critical
2025-12-31,SKU0072,WH02,South,Home Care,SurfStyle,SUP6,No Risk,Healthy,No Action,17.74298375184638,12078.0,22.7243884495126,0.394293003868779,0.8953771289537713,90.49388492144702,Healthy
2025-12-31,SKU0072,WH03,South,Home Care,SurfStyle,SUP6,No Risk,Healthy,No Action,15.98300283286119,11346.0,29.04531109107304,0.37816120931913266,0.8953771289537713,91.43121522604072,Healthy
2025-12-31,SKU0072,WH04,North,Home Care,SurfStyle,SUP6,No Risk,Healthy,No Action,15.3070987654321,9973.5,15.861051502145925,0.4479346955263103,0.8953771289537713,87.22757697778978,Healthy
2025-12-31,SKU0072,WH05,South,Home Care,SurfStyle,SUP6,No Risk,Healthy,No Action,15.864714086471407,11437.5,23.333184736091297,0.37689558879249246,0.8953771289537713,89.94347864842666,Healthy
2025-12-31,SKU0073,WH01,North,Home Care,GlowCare,SUP13,No Risk,Healthy,No Action,13.80826086956522,70886.088,29.20203144566579,0.322513339293531,0.7944974733295901,89.93389913456724,Healthy
2025-12-31,SKU0073,WH02,South,Home Care,GlowCare,SUP13,No Risk,Healthy,No Action,13.352409638554215,69261.192,28.157073624112066,0.3065078684704512,0.7944974733295901,89.59403386505207,Healthy
2025-12-31,SKU0073,WH03,South,Home Care,GlowCare,SUP13,Critical Stockout Risk,Healthy,Reorder Now,0.0,0.0,48.09121621621623,0.2947633958509904,0.7944974733295901,51.55883324105766,At Risk
2025-12-31,SKU0073,WH04,North,Home Care,GlowCare,SUP13,Critical Stockout Risk,Healthy,Reorder Now,5.131277533039648,25998.336,35.94109226564873,0.3242135522684031,0.7944974733295901,52.71998483421974,At Risk
2025-12-31,SKU0073,WH05,South,Home Care,GlowCare,SUP13,Reorder Soon,Healthy,Reorder Soon,8.846120313862249,45293.976,35.862172348809324,0.3111467569029405,0.7944974733295901,70.22748021234752,At Risk
2025-12-31,SKU0074,WH01,North,Personal Care,SurfStyle,SUP5,No Risk,Healthy,No Action,9.936490250696378,25007.64,46.37750407022015,0.33543707562986097,0.8683368869936035,91.43939016430727,Healthy
2025-12-31,SKU0074,WH02,South,Personal Care,SurfStyle,SUP5,No Risk,Healthy,No Action,10.969249692496923,25007.64,35.19271821631879,0.3217366726989321,0.8683368869936035,90.9162329165815,Healthy
2025-12-31,SKU0074,WH03,South,Personal Care,SurfStyle,SUP5,No Risk,Healthy,No Action,15.12229373902867,36235.56,27.922336615935546,0.347702790651506,0.8683368869936035,90.73602713910833,Healthy
2025-12-31,SKU0074,WH04,North,Personal Care,SurfStyle,SUP5,No Risk,Healthy,No Action,20.97997711670481,51418.77,32.64698357468147,0.3547452654157935,0.8683368869936035,93.62798726436702,Healthy
2025-12-31,SKU0074,WH05,South,Personal Care,SurfStyle,SUP5,Critical Stockout Risk,Healthy,Reorder Now,5.162341581170791,11993.46,39.10545713177292,0.31564396608188966,0.8683368869936035,54.342083380364315,At Risk
2025-12-31,SKU0075,WH01,North,Home Care,FreshFoods,SUP15,No Risk,Healthy,No Action,20.583333333333336,18652.11,20.96840377513336,0.5073776687689674,0.8390297684674752,89.32399982360938,Healthy
2025-12-31,SKU0075,WH02,South,Home Care,FreshFoods,SUP15,No Risk,Healthy,No Action,10.760925449871465,9031.548,25.787322920450418,0.5078330820927395,0.8390297684674752,86.64406525718275,Healthy
2025-12-31,SKU0075,WH03,South,Home Care,FreshFoods,SUP15,No Risk,Healthy,No Action,11.097560975609756,9816.9,28.884385253812003,0.46718095793656167,0.8390297684674752,87.90796579853293,Healthy
2025-12-31,SKU0075,WH04,North,Home Care,FreshFoods,SUP15,Critical Stockout Risk,Healthy,Reorder Now,1.784313725490196,1570.704,39.004714510214775,0.5144025976471596,0.8390297684674752,50.89444654634528,At Risk
2025-12-31,SKU0075,WH05,South,Home Care,FreshFoods,SUP15,Reorder Soon,Healthy,Reorder Soon,8.231155778894474,7068.168,29.389034998988464,0.5142618625008765,0.8390297684674752,67.11459809177956,At Risk
2025-12-31,SKU0076,WH01,North,Foods & Refreshment,GlowCare,SUP8,Reorder Soon,Healthy,Reorder Soon,11.979057591623038,29935.488,22.021886281588447,0.38040731740261596,0.7875116495806151,67.50618759766643,At Risk
2025-12-31,SKU0076,WH02,South,Foods & Refreshment,GlowCare,SUP8,Reorder Soon,Healthy,Reorder Soon,13.167202572347268,30615.84,27.254501800720288,0.33981039275411046,0.7875116495806151,69.6929599799774,At Risk
2025-12-31,SKU0076,WH03,South,Foods & Refreshment,GlowCare,SUP8,No Risk,Healthy,No Action,29.49655172413793,71947.224,29.97074183602844,0.3632633124312157,0.7875116495806151,88.24142754738911,Healthy
2025-12-31,SKU0076,WH04,North,Foods & Refreshment,GlowCare,SUP8,No Risk,Healthy,No Action,20.37420886075949,48134.904,23.818275684047496,0.3537472264231463,0.7875116495806151,90.86738970195668,Healthy
2025-12-31,SKU0076,WH05,South,Foods & Refreshment,GlowCare,SUP8,Critical Stockout Risk,Healthy,Reorder Now,0.0,0.0,29.237905268490376,0.3511180307801043,0.7875116495806151,48.42783890657871,Critical
2025-12-31,SKU0077,WH01,North,Personal Care,GlowCare,SUP12,No Risk,Healthy,No Action,22.20715835140998,22802.85,23.111736831261588,0.5339880334178272,0.8820791311093871,89.35046559180789,Healthy
2025-12-31,SKU0077,WH02,South,Personal Care,GlowCare,SUP12,Reorder Soon,Healthy,Reorder Soon,11.729323308270676,12161.52,28.46498575975875,0.4988425746636115,0.8820791311093871,69.01037074238133,At Risk
2025-12-31,SKU0077,WH03,South,Personal Care,GlowCare,SUP12,Critical Stockout Risk,Healthy,Reorder Now,0.0,0.0,34.184290030211486,0.5171562614812348,0.8820791311093871,49.28049144928566,Critical
2025-12-31,SKU0077,WH04,North,Personal Care,GlowCare,SUP12,No Risk,Overstock,No Action,37.45883644346872,38004.74999999999,20.645411647833107,0.37890889638725284,0.8820791311093871,68.11879213776298,At Risk
2025-12-31,SKU0077,WH05,South,Personal Care,GlowCare,SUP12,Critical Stockout Risk,Healthy,Reorder Now,2.948603351955307,2939.034,25.569427050720098,0.49143710266722335,0.8820791311093871,48.636629375440464,Critical
2025-12-31,SKU0078,WH01,North,Personal Care,SurfStyle,SUP14,Reorder Soon,Healthy,Reorder Soon,13.17396593673966,19764.948,30.48775530941977,0.38507252976535317,0.7638190954773869,69.91045374311699,At Risk
2025-12-31,SKU0078,WH02,South,Personal Care,SurfStyle,SUP14,No Risk,Healthy,No Action,19.065685164212912,30727.02,22.261016715015884,0.4289246059891391,0.7638190954773869,89.37597436327184,Healthy
2025-12-31,SKU0078,WH03,South,Personal Care,SurfStyle,SUP14,No Risk,Overstock,No Action,40.921019108280255,58630.476,22.288992609879426,0.46838743154725765,0.7638190954773869,65.06957747403311,At Risk
2025-12-31,SKU0078,WH04,North,Personal Care,SurfStyle,SUP14,No Risk,Overstock,No Action,44.603448275862064,66104.616,25.796849160066152,0.4452242877499283,0.7638190954773869,64.48722474080472,At Risk
2025-12-31,SKU0078,WH05,South,Personal Care,SurfStyle,SUP14,Critical Stockout Risk,Healthy,Reorder Now,0.0,0.0,24.33333333333334,0.4239500788974871,0.7638190954773869,46.36083055878673,Critical
2025-12-31,SKU0079,WH01,North,Home Care,FreshFoods,SUP12,Reorder Soon,Healthy,Reorder Soon,12.40909090909091,144.54,33.5421888053467,0.8765143003060215,0.8820791311093871,67.54313541375163,At Risk
2025-12-31,SKU0079,WH02,South,Home Care,FreshFoods,SUP12,Reorder Soon,Healthy,Reorder Soon,10.4,115.632,25.930311231393777,1.0248275976661987,0.8820791311093871,63.51318167704901,At Risk
2025-12-31,SKU0079,WH03,South,Home Care,FreshFoods,SUP12,Critical Stockout Risk,Healthy,Reorder Now,3.466666666666667,38.544,30.83266291230893,0.8365124544319432,0.8820791311093871,47.407551035934056,Critical
2025-12-31,SKU0079,WH04,North,Home Care,FreshFoods,SUP12,No Risk,Healthy,No Action,17.66990291262136,192.72,22.840218712029163,0.9516335171702233,0.8820791311093871,85.84558359815401,Healthy
2025-12-31,SKU0079,WH05,South,Home Care,FreshFoods,SUP12,No Risk,Healthy,No Action,18.416666666666664,163.81199999999998,29.883040935672515,0.972063479103812,0.8820791311093871,87.79756566333482,Healthy
2025-12-31,SKU0080,WH01,North,Personal Care,FreshFoods,SUP13,No Risk,Healthy,No Action,11.761904761904765,4833.486,27.85504153207199,0.34745969035973867,0.7944974733295901,88.47040513046787,Healthy
2025-12-31,SKU0080,WH02,South,Personal Care,FreshFoods,SUP13,Reorder Soon,Healthy,Reorder Soon,7.372685185185186,2967.93,31.19493537325244,0.44152945916070563,0.7944974733295901,67.32850130374143,At Risk
2025-12-31,SKU0080,WH03,South,Personal Care,FreshFoods,SUP13,Critical Stockout Risk,Healthy,Reorder Now,2.3672532517214995,961.044,30.568691528899144,0.3238405307013869,0.7944974733295901,50.12036742155711,At Risk
2025-12-31,SKU0080,WH04,North,Personal Care,FreshFoods,SUP13,No Risk,Healthy,No Action,13.037818181818182,5568.402,28.49134260573375,0.413005013121121,0.7944974733295901,88.67490754218198,Healthy
2025-12-31,SKU0080,WH05,South,Personal Care,FreshFoods,SUP13,Reorder Soon,Healthy,Reorder Soon,10.01,4042.038,33.690712865663166,0.38287799042979154,0.7944974733295901,69.62133288592061,At Risk
