as_of_date,sku_id,wh_id,region,category,brand,supplier_id,usable_units,add_90,lt_days,safety_stock,reorder_point,forecast_demand_lt,projected_stock_after_lt,risk_level,recommended_action,reorder_qty_reco,days_of_inventory,inventory_value,inventory_status
2025-12-31,SKU0001,WH01,North,Home Care,SurfStyle,SUP5,259,19.164835164835164,6,53.97279269418089,157.11147916762215,117.11180900000001,141.888191,No Risk,No Action,0.0,13.514334862385322,7246.302000000001,Healthy
2025-12-31,SKU0001,WH02,South,Home Care,SurfStyle,SUP5,13,19.89010989010989,6,56.23022745158588,163.272098160834,112.715714,-99.715714,Critical Stockout Risk,Reorder Now,1269.821309648881,0.6535911602209945,363.714,Healthy
2025-12-31,SKU0001,WH03,South,Home Care,SurfStyle,SUP5,310,19.05494505494505,6,55.00685850980463,157.5541534323661,99.890128,210.109872,No Risk,No Action,0.0,16.26874279123414,8673.18,Healthy
2025-12-31,SKU0001,WH04,North,Home Care,SurfStyle,SUP5,435,19.25274725274725,6,57.475611056475785,161.08741077062092,106.17190500000001,328.82809499999996,No Risk,No Action,0.0,22.59417808219178,12170.43,Healthy
2025-12-31,SKU0001,WH05,South,Home Care,SurfStyle,SUP5,219,20.142857142857142,6,58.64462182044602,167.04669309671772,111.137458,107.862542,No Risk,No Action,0.0,10.872340425531917,6127.182000000001,Healthy
2025-12-31,SKU0002,WH01,North,Personal Care,DailyEssentials,SUP13,54,4.230769230769231,7,14.381528230013132,42.04900112769378,26.4209542,27.5790458,No Risk,No Action,0.0,12.763636363636364,10414.656,Healthy
2025-12-31,SKU0002,WH02,South,Personal Care,DailyEssentials,SUP13,50,4.263736263736264,7,15.171199027839624,43.05426262342428,23.4944794,26.5055206,No Risk,No Action,0.0,11.72680412371134,9643.2,Healthy
2025-12-31,SKU0002,WH03,South,Personal Care,DailyEssentials,SUP13,77,4.670329670329671,7,17.20891953113404,47.75093506753476,32.7724916,44.2275084,No Risk,No Action,0.0,16.48705882352941,14850.528,Healthy
2025-12-31,SKU0002,WH04,North,Personal Care,DailyEssentials,SUP13,4,4.2967032967032965,7,15.41866410386483,43.517318397353485,27.5204021,-23.5204021,Critical Stockout Risk,Reorder Now,169.8040993538272,0.9309462915601024,771.456,Healthy
2025-12-31,SKU0002,WH05,South,Personal Care,DailyEssentials,SUP13,94,4.428571428571429,7,15.79087923519265,44.75189632029733,28.7051105,65.2948895,No Risk,No Action,0.0,21.2258064516129,18129.216,Healthy
2025-12-31,SKU0003,WH01,North,Personal Care,FreshFoods,SUP4,167,44.72527472527472,5,199.16112078449865,403.4533832349409,234.792664,-67.792664,Critical Stockout Risk,Reorder Now,1697.6919115043993,3.733906633906634,8844.653999999999,Healthy
2025-12-31,SKU0003,WH02,South,Personal Care,FreshFoods,SUP4,745,43.494505494505496,5,194.9299615129166,393.6004221465408,215.219445,529.780555,No Risk,No Action,0.0,17.128600303183426,39456.69,Healthy
2025-12-31,SKU0003,WH03,South,Personal Care,FreshFoods,SUP4,1077,45.51648351648352,5,204.66116678825205,412.5674446923631,214.145105,862.8548949999999,No Risk,No Action,0.0,23.661757605021727,57040.07399999999,Healthy
2025-12-31,SKU0003,WH04,North,Personal Care,FreshFoods,SUP4,138,42.96703296703296,5,193.5400207045042,389.8011377023493,212.68142,-74.68142,Critical Stockout Risk,Reorder Now,1663.98747730054,3.211764705882353,7308.755999999999,Healthy
2025-12-31,SKU0003,WH05,South,Personal Care,FreshFoods,SUP4,0,41.82417582417583,5,187.35070821156103,378.39158066521793,208.943503,-208.943503,Critical Stockout Risk,Reorder Now,1641.7085759840647,0.0,0.0,Healthy
2025-12-31,SKU0004,WH01,North,Home Care,GlowCare,SUP12,499,80.08791208791209,8,419.65611182940273,1008.1686822690484,622.347904,-123.34790399999997,Critical Stockout Risk,Reorder Now,2940.808012243158,6.230653128430297,6802.368,Healthy
2025-12-31,SKU0004,WH02,South,Home Care,GlowCare,SUP12,407,81.49450549450549,8,432.7094644463414,1031.5581502833902,624.96431,-217.96430999999995,Critical Stockout Risk,Reorder Now,2966.520484119045,4.994201725997843,5548.224,Healthy
2025-12-31,SKU0004,WH03,South,Home Care,GlowCare,SUP12,827,80.4065934065934,8,420.0718963777085,1010.9262429620784,717.177884,109.82211600000005,Reorder Soon,Reorder Soon,2946.653152334336,10.28522618559519,11273.664,Healthy
2025-12-31,SKU0004,WH04,North,Home Care,GlowCare,SUP12,1549,79.71428571428571,8,416.0306874801052,1001.7977272673156,650.679122,898.320878,No Risk,No Action,0.0,19.43189964157706,21115.968,Healthy
2025-12-31,SKU0004,WH05,South,Home Care,GlowCare,SUP12,991,82.13186813186813,8,430.5179223826512,1034.0501605091483,691.82129,299.17871,Reorder Soon,Reorder Soon,2978.098361920666,12.065962001605566,13509.312,Healthy
2025-12-31,SKU0005,WH01,North,Personal Care,GlowCare,SUP7,566,19.384615384615383,7,81.12279950818352,206.173951401975,122.84670700000001,443.15329299999996,No Risk,No Action,0.0,29.1984126984127,67461.54,Healthy
2025-12-31,SKU0005,WH02,South,Personal Care,GlowCare,SUP7,521,20.505494505494507,7,86.50165533333684,218.7836561461571,127.714357,393.285643,No Risk,No Action,0.0,25.40782422293676,62097.99,Healthy
2025-12-31,SKU0005,WH03,South,Personal Care,GlowCare,SUP7,225,20.63736263736264,7,86.51876892466811,219.6514578456094,128.02702,96.97298,No Risk,No Action,0.0,10.90255591054313,26817.75,Healthy
2025-12-31,SKU0005,WH04,North,Personal Care,GlowCare,SUP7,245,20.505494505494507,7,86.76807976549547,219.0500805783157,134.193369,110.80663100000001,No Risk,No Action,0.0,11.948017148981778,29201.55,Healthy
2025-12-31,SKU0005,WH05,South,Personal Care,GlowCare,SUP7,401,19.736263736263737,7,82.93658054185596,210.25623405730357,115.713127,285.286873,No Risk,No Action,0.0,20.31792873051225,47795.19,Healthy
2025-12-31,SKU0006,WH01,North,Personal Care,DailyEssentials,SUP4,5,0.6373626373626373,5,4.105356019601571,7.01664624616807,6.0110943,-1.0110943,Critical Stockout Risk,Reorder Now,143.66595219946964,7.844827586206897,408.33,Healthy
2025-12-31,SKU0006,WH02,South,Personal Care,DailyEssentials,SUP4,19,0.7142857142857143,5,4.424026501822814,7.686679341940443,6.18695724,12.81304276,No Risk,No Action,0.0,26.6,1551.6540000000002,Slow Moving
2025-12-31,SKU0006,WH03,South,Personal Care,DailyEssentials,SUP4,19,0.7032967032967034,5,4.397281803628357,7.609739984667254,6.3747678,12.6252322,No Risk,No Action,0.0,27.015625,1551.6540000000002,Slow Moving
2025-12-31,SKU0006,WH04,North,Personal Care,DailyEssentials,SUP4,3,0.5824175824175825,5,3.528033446247561,6.188350377420397,6.1191627,-3.1191627000000004,Critical Stockout Risk,Reorder Now,137.3339127651988,5.150943396226415,244.99800000000005,Healthy
2025-12-31,SKU0006,WH05,South,Personal Care,DailyEssentials,SUP4,14,0.5824175824175825,5,3.680450735537305,6.340767666710141,6.0358044,7.9641956,No Risk,No Action,0.0,24.0377358490566,1143.324,Healthy
2025-12-31,SKU0007,WH01,North,Home Care,SurfStyle,SUP6,226,13.24175824175824,10,43.19561551895875,167.22030737211773,142.0834665,83.91653350000001,No Risk,No Action,0.0,17.067219917012448,39612.828,Healthy
2025-12-31,SKU0007,WH02,South,Home Care,SurfStyle,SUP6,74,15.12087912087912,10,51.68060670326932,193.3054830434741,149.738739,-75.73873900000001,Critical Stockout Risk,Reorder Now,488.36223013744353,4.8938953488372094,12970.572,Healthy
2025-12-31,SKU0007,WH03,South,Home Care,SurfStyle,SUP6,20,13.857142857142858,10,46.217326611821136,176.00582157184894,136.723055,-116.72305499999999,Critical Stockout Risk,Reorder Now,467.5094507867445,1.443298969072165,3505.56,Healthy
2025-12-31,SKU0007,WH04,North,Home Care,SurfStyle,SUP6,258,14.967032967032967,10,48.713484131175655,188.89740969466325,169.00227,88.99772999999999,No Risk,No Action,0.0,17.237885462555067,45221.724,Healthy
2025-12-31,SKU0007,WH05,South,Home Care,SurfStyle,SUP6,29,14.31868131868132,10,46.65170358102039,180.7630508711998,133.83823,-104.83823000000001,Critical Stockout Risk,Reorder Now,475.2313246209383,2.0253261703760552,5083.062,Healthy
2025-12-31,SKU0008,WH01,North,Home Care,FreshFoods,SUP8,576,28.263736263736263,8,174.38268380299365,391.4313201619748,230.84263,345.15737,No Risk,No Action,0.0,20.379471228615863,98430.336,Healthy
2025-12-31,SKU0008,WH02,South,Home Care,FreshFoods,SUP8,284,28.95604395604396,8,178.29480948111876,400.6599559841963,222.664567,61.335432999999995,Reorder Soon,Reorder Soon,584.2239050325663,9.807969639468691,48531.624,Healthy
2025-12-31,SKU0008,WH03,South,Home Care,FreshFoods,SUP8,171,26.86813186813187,8,164.99373206966254,371.3249590905447,223.67364700000002,-52.67364700000002,Critical Stockout Risk,Reorder Now,585.0926331685637,6.364417177914111,29221.506,Healthy
2025-12-31,SKU0008,WH04,North,Home Care,FreshFoods,SUP8,499,27.75824175824176,8,170.69367969004887,383.86041975334064,218.97848,280.02152,No Risk,No Action,0.0,17.976642913697546,85272.114,Healthy
2025-12-31,SKU0008,WH05,South,Home Care,FreshFoods,SUP8,821,28.13186813186813,8,172.77559560437842,388.8115633644841,227.208783,593.791217,No Risk,No Action,0.0,29.183984375,140297.406,Healthy
2025-12-31,SKU0009,WH01,North,Personal Care,SurfStyle,SUP12,339,34.42857142857143,8,181.6161134021713,434.6086879339235,268.350266,70.64973400000002,Reorder Soon,Reorder Soon,618.2234917198974,9.846473029045642,23966.622,Healthy
2025-12-31,SKU0009,WH02,South,Personal Care,SurfStyle,SUP12,745,36.96703296703296,8,194.7502193572105,466.3962521452138,291.317995,453.682005,No Risk,No Action,0.0,20.153091557669445,52670.01,Healthy
2025-12-31,SKU0009,WH03,South,Personal Care,SurfStyle,SUP12,1425,36.8021978021978,8,194.10467184970184,464.5394411145719,297.006643,1127.993357,No Risk,No Action,0.0,38.72051358614512,100744.65,Overstock
2025-12-31,SKU0009,WH04,North,Personal Care,SurfStyle,SUP12,308,37.46153846153846,8,198.20090125055287,473.4807246079557,283.542158,24.457842000000028,Reorder Soon,Reorder Soon,714.354747404399,8.2217659137577,21774.984,Healthy
2025-12-31,SKU0009,WH05,South,Personal Care,SurfStyle,SUP12,0,36.15384615384615,8,192.2598515174437,457.9303175913233,260.603433,-260.603433,Critical Stockout Risk,Reorder Now,987.6444669020591,0.0,0.0,Healthy
2025-12-31,SKU0010,WH01,North,Home Care,SurfStyle,SUP10,51,7.1098901098901095,9,28.59800166516912,89.70946657820883,60.4309292,-9.430929200000001,Critical Stockout Risk,Reorder Now,252.07909920969712,7.173106646058733,10220.094,Healthy
2025-12-31,SKU0010,WH02,South,Home Care,SurfStyle,SUP10,107,7.0,9,28.36730158025889,88.53423071411714,64.1459237,42.8540763,No Risk,No Action,0.0,15.285714285714286,21442.158,Healthy
2025-12-31,SKU0010,WH03,South,Home Care,SurfStyle,SUP10,88,7.032967032967033,9,28.453290651116035,88.90358051872873,50.7617779,37.2382221,Reorder Soon,Reorder Soon,250.7117480207257,12.5125,17634.672,Healthy
2025-12-31,SKU0010,WH04,North,Home Care,SurfStyle,SUP10,179,7.263736263736264,9,29.497835403034948,91.9316504069287,71.29357379999999,107.70642620000001,No Risk,No Action,0.0,24.64296520423601,35870.526,Healthy
2025-12-31,SKU0010,WH05,South,Home Care,SurfStyle,SUP10,122,7.054945054945055,9,28.61487064121989,89.25406766466888,62.1174093,59.8825907,No Risk,No Action,0.0,17.292834890965732,24448.068,Healthy
2025-12-31,SKU0011,WH01,North,Home Care,FreshFoods,SUP14,0,21.34065934065934,11,144.85669212078955,375.2905341023702,254.54209400000002,-254.54209400000002,Critical Stockout Risk,Reorder Now,678.3731756372731,0.0,0.0,Healthy
2025-12-31,SKU0011,WH02,South,Home Care,FreshFoods,SUP14,0,20.47252747252747,11,139.1304843566363,360.190344094888,225.119125,-225.119125,Critical Stockout Risk,Reorder Now,650.943671169823,0.0,0.0,Healthy
2025-12-31,SKU0011,WH03,South,Home Care,FreshFoods,SUP14,334,21.32967032967033,11,144.31316768263935,374.62835166114,254.653505,79.346495,Reorder Soon,Reorder Soon,431.861174093327,15.65893869139619,21825.563999999995,Healthy
2025-12-31,SKU0011,WH04,North,Home Care,FreshFoods,SUP14,0,21.01098901098901,11,141.15683418790852,368.0309360770858,224.139851,-224.139851,Critical Stockout Risk,Reorder Now,666.4315594626338,0.0,0.0,Healthy
2025-12-31,SKU0011,WH05,South,Home Care,FreshFoods,SUP14,355,22.208791208791208,11,149.56456826027642,389.3723924851861,252.360781,102.639219,Reorder Soon,Reorder Soon,440.67108027674834,15.984661058881745,23197.829999999994,Healthy
2025-12-31,SKU0012,WH01,North,Home Care,DailyEssentials,SUP14,142,9.593406593406591,11,44.95591600796118,148.54435269690038,111.229583,30.770416999999995,Reorder Soon,Reorder Soon,549.9761716529432,14.801832760595648,15772.224,Healthy
2025-12-31,SKU0012,WH02,South,Home Care,DailyEssentials,SUP14,325,9.54945054945055,11,46.80432443932071,149.91812911593945,103.372742,221.62725799999998,No Risk,No Action,0.0,34.03337169159954,36098.4,Healthy
2025-12-31,SKU0012,WH03,South,Home Care,DailyEssentials,SUP14,53,9.0989010989011,11,43.919523572861,142.1683501231951,105.838112,-52.838111999999995,Critical Stockout Risk,Reorder Now,535.6139999509431,5.82487922705314,5886.816,Healthy
2025-12-31,SKU0012,WH04,North,Home Care,DailyEssentials,SUP14,157,9.527472527472527,11,45.65501662767287,148.5315052981314,115.2068885,41.793111499999995,No Risk,No Action,0.0,16.478662053056517,17438.304,Healthy
2025-12-31,SKU0012,WH05,South,Home Care,DailyEssentials,SUP14,354,9.87912087912088,11,47.06990198290105,153.74344675192322,114.3924845,239.6075155,No Risk,No Action,0.0,35.83314794215795,39319.488,Overstock
2025-12-31,SKU0013,WH01,North,Personal Care,FreshFoods,SUP12,21,6.956043956043956,8,43.06184124713819,94.1771619233588,59.8735872,-38.8735872,Critical Stockout Risk,Reorder Now,572.6703612726548,3.018957345971564,1222.578,Healthy
2025-12-31,SKU0013,WH02,South,Personal Care,FreshFoods,SUP12,92,6.87912087912088,8,43.56445691075373,94.11452127617883,59.9878175,32.0121825,Reorder Soon,Reorder Soon,569.4951347982592,13.373801916932909,5356.056,Healthy
2025-12-31,SKU0013,WH03,South,Personal Care,FreshFoods,SUP12,81,6.989010989010989,8,44.099952424774735,95.45752580562196,49.1069257,31.893074300000002,Reorder Soon,Reorder Soon,574.0257959764609,11.589622641509434,4715.657999999999,Healthy
2025-12-31,SKU0013,WH04,North,Personal Care,FreshFoods,SUP12,158,7.296703296703296,8,46.48792464836206,100.10652327239126,62.8492065,95.15079349999999,No Risk,No Action,0.0,21.653614457831324,9198.444,Healthy
2025-12-31,SKU0013,WH05,South,Personal Care,FreshFoods,SUP12,213,7.076923076923077,8,44.86261182501504,96.86619241819996,51.8851824,161.1148176,No Risk,No Action,0.0,30.097826086956523,12400.434,Healthy
2025-12-31,SKU0014,WH01,North,Personal Care,DailyEssentials,SUP10,27,3.4725274725274726,9,15.623983536575272,45.47131415870904,30.8028449,-3.8028449,Critical Stockout Risk,Reorder Now,143.4279240771751,7.775316455696203,5317.65,Healthy
2025-12-31,SKU0014,WH02,South,Personal Care,DailyEssentials,SUP10,68,3.725274725274725,9,16.116714412287106,48.13647732653821,30.1126649,37.8873351,No Risk,No Action,0.0,18.253687315634217,13392.6,Healthy
2025-12-31,SKU0014,WH03,South,Personal Care,DailyEssentials,SUP10,42,3.8351648351648353,9,16.675019531592014,49.63931822502457,31.006685,10.993314999999999,Reorder Soon,Reorder Soon,150.7311056486007,10.9512893982808,8271.9,Healthy
2025-12-31,SKU0014,WH04,North,Personal Care,DailyEssentials,SUP10,47,4.1098901098901095,9,17.53829001734585,52.863928158732016,28.6421818,18.3578182,Reorder Soon,Reorder Soon,156.03641815155223,11.43582887700535,9256.65,Healthy
2025-12-31,SKU0014,WH05,South,Personal Care,DailyEssentials,SUP10,73,3.5494505494505493,9,15.517202632208477,46.025708299769256,28.7480999,44.2519001,No Risk,No Action,0.0,20.566563467492266,14377.35,Healthy
2025-12-31,SKU0015,WH01,North,Personal Care,FreshFoods,SUP5,8,3.21978021978022,6,14.3921275111439,31.71989995192273,18.6886312,-10.6886312,Critical Stockout Risk,Reorder Now,289.4280254832235,2.484641638225256,316.656,Healthy
2025-12-31,SKU0015,WH02,South,Personal Care,FreshFoods,SUP5,58,2.758241758241758,6,13.122988501936751,27.96691642902033,16.5689484,41.4310516,No Risk,No Action,0.0,21.02788844621514,2295.756,Healthy
2025-12-31,SKU0015,WH03,South,Personal Care,FreshFoods,SUP5,54,2.8241758241758244,6,13.740470536235302,28.939233393846777,16.4265084,37.5734916,No Risk,No Action,0.0,19.120622568093385,2137.428,Healthy
2025-12-31,SKU0015,WH04,North,Personal Care,FreshFoods,SUP5,31,2.7472527472527477,6,12.5986123779552,27.3834011499508,16.0259751,14.9740249,No Risk,No Action,0.0,11.284,1227.042,Healthy
2025-12-31,SKU0015,WH05,South,Personal Care,FreshFoods,SUP5,4,3.087912087912088,6,14.193532118070666,30.811634697793718,16.721062500000002,-12.721062500000002,Critical Stockout Risk,Reorder Now,283.4392117730701,1.295373665480427,158.328,Healthy
2025-12-31,SKU0016,WH01,North,Personal Care,DailyEssentials,SUP7,835,56.63736263736264,7,266.38301296787995,631.7535554058626,400.417984,434.582016,No Risk,No Action,0.0,14.74291812184711,12660.27,Healthy
2025-12-31,SKU0016,WH02,South,Personal Care,DailyEssentials,SUP7,277,58.48351648351648,7,277.0062359723256,654.2864119240027,407.7437,-130.7437,Critical Stockout Risk,Reorder Now,2294.5316781231686,4.736377301766254,4199.874,Healthy
2025-12-31,SKU0016,WH03,South,Personal Care,DailyEssentials,SUP7,844,59.38461538461539,7,280.28520949130046,663.3784208484713,401.985795,442.014205,No Risk,No Action,0.0,14.21243523316062,12796.728,Healthy
2025-12-31,SKU0016,WH04,North,Personal Care,DailyEssentials,SUP7,852,57.16483516483517,7,270.61096599852425,639.3842608689911,440.503471,411.496529,No Risk,No Action,0.0,14.904267589388695,12918.024,Healthy
2025-12-31,SKU0016,WH05,South,Personal Care,DailyEssentials,SUP7,855,55.32967032967033,7,261.4932116922403,618.4277637246894,406.619534,448.380466,No Risk,No Action,0.0,15.452830188679243,12963.509999999998,Healthy
2025-12-31,SKU0017,WH01,North,Personal Care,FreshFoods,SUP2,9,8.714285714285714,8,34.9983126619505,99.28386122012084,63.8039743,-54.8039743,Critical Stockout Risk,Reorder Now,483.3089232666823,1.0327868852459017,852.822,Healthy
2025-12-31,SKU0017,WH02,South,Personal Care,FreshFoods,SUP2,52,9.956043956043956,8,38.621076135500246,112.0671126975461,74.131933,-22.131933000000004,Critical Stockout Risk,Reorder Now,516.5975220964924,5.222958057395143,4927.416,Healthy
2025-12-31,SKU0017,WH03,South,Personal Care,FreshFoods,SUP2,257,9.197802197802195,8,37.44525312833536,105.29771736943069,66.8529925,190.1470075,No Risk,No Action,0.0,27.94145758661888,24352.806,Healthy
2025-12-31,SKU0017,WH04,North,Personal Care,FreshFoods,SUP2,94,9.010989010989013,8,36.43092652257428,102.90526424981223,70.7740525,23.225947500000004,Reorder Soon,Reorder Soon,491.46788723017465,10.43170731707317,8907.252,Healthy
2025-12-31,SKU0017,WH05,South,Personal Care,FreshFoods,SUP2,60,9.461538461538462,8,38.20278152121803,108.00083613481787,77.030073,-17.030073,Critical Stockout Risk,Reorder Now,503.6047243497784,6.341463414634147,5685.48,Healthy
2025-12-31,SKU0018,WH01,North,Personal Care,SurfStyle,SUP6,29,19.25274725274725,10,89.64046250337013,269.96515970397974,199.345188,-170.345188,Critical Stockout Risk,Reorder Now,522.706396569304,1.5062785388127855,6044.934,Healthy
2025-12-31,SKU0018,WH02,South,Personal Care,SurfStyle,SUP6,503,20.43956043956044,10,95.63363694380122,287.0742401362292,199.650671,303.349329,No Risk,No Action,0.0,24.60913978494624,104848.338,Healthy
2025-12-31,SKU0018,WH03,South,Personal Care,SurfStyle,SUP6,335,19.021978021978025,10,87.44041388165583,265.60368491718964,201.05223,133.94777,No Risk,No Action,0.0,17.611207394569615,69829.41,Healthy
2025-12-31,SKU0018,WH04,North,Personal Care,SurfStyle,SUP6,242,19.75824175824176,10,91.8153945114078,276.8746442640882,195.84775,46.15225000000001,Reorder Soon,Reorder Soon,423.1953056216117,12.248053392658507,50443.932,Healthy
2025-12-31,SKU0018,WH05,South,Personal Care,SurfStyle,SUP6,499,19.703296703296704,10,89.38516409973333,273.92978857501475,199.480133,299.519867,No Risk,No Action,0.0,25.325711098717232,104014.554,Healthy
2025-12-31,SKU0019,WH01,North,Home Care,DailyEssentials,SUP14,154,24.164835164835164,11,143.0975958971784,404.0265446703483,248.429892,-94.429892,Critical Stockout Risk,Reorder Now,613.8671342654806,6.372896771259664,28936.908000000003,Healthy
2025-12-31,SKU0019,WH02,South,Home Care,DailyEssentials,SUP14,585,25.21978021978022,11,149.15571556775373,421.47583263661454,283.983504,301.016496,No Risk,No Action,0.0,23.19607843137255,109922.67,Healthy
2025-12-31,SKU0019,WH03,South,Home Care,DailyEssentials,SUP14,243,23.05494505494505,11,137.8175943601727,386.7620848222512,234.774361,8.225639000000001,Reorder Soon,Reorder Soon,599.6039837547439,10.54003813155386,45660.186,Healthy
2025-12-31,SKU0019,WH04,North,Home Care,DailyEssentials,SUP14,1093,24.296703296703296,11,145.63245601091384,407.985300821045,268.122895,824.877105,No Risk,No Action,0.0,44.98552691090005,205376.88600000003,Overstock
2025-12-31,SKU0019,WH05,South,Home Care,DailyEssentials,SUP14,520,24.35164835164835,11,143.64319682152947,406.5893316470613,280.98833,239.01166999999998,No Risk,No Action,0.0,21.353790613718413,97709.04,Healthy
2025-12-31,SKU0020,WH01,North,Home Care,GlowCare,SUP7,153,14.527472527472527,7,61.058839031138376,154.77631227580525,101.102242,51.897757999999996,Reorder Soon,Reorder Soon,428.7286373587704,10.53177004538578,24283.854,Healthy
2025-12-31,SKU0020,WH02,South,Home Care,GlowCare,SUP7,162,14.274725274725276,7,61.1780448860765,153.26503259017807,88.0670605,73.9329395,No Risk,No Action,0.0,11.348729792147806,25712.316,Healthy
2025-12-31,SKU0020,WH03,South,Home Care,GlowCare,SUP7,7,14.692307692307692,7,62.3393214985632,157.12015487838136,100.738698,-93.738698,Critical Stockout Risk,Reorder Now,431.154049717565,0.4764397905759162,1111.0259999999998,Healthy
2025-12-31,SKU0020,WH04,North,Home Care,GlowCare,SUP7,154,14.472527472527473,7,61.765782981586526,155.12880284786962,88.306952,65.693048,Reorder Soon,Reorder Soon,427.9171116692951,10.640850417615791,24442.572,Healthy
2025-12-31,SKU0020,WH05,South,Home Care,GlowCare,SUP7,190,15.142857142857142,7,64.0707875308461,161.75813861341112,104.70168100000001,85.29831899999999,No Risk,No Action,0.0,12.547169811320757,30156.42,Healthy
2025-12-31,SKU0021,WH01,North,Personal Care,FreshFoods,SUP2,87,4.43956043956044,8,17.026860307574196,49.77763157806704,40.236021799999996,46.763978200000004,No Risk,No Action,0.0,19.596534653465344,16331.814,Healthy
2025-12-31,SKU0021,WH02,South,Personal Care,FreshFoods,SUP2,25,4.164835164835165,8,17.897720734718607,48.62183536718591,23.5693796,1.4306203999999987,Reorder Soon,Reorder Soon,213.6708658693748,6.00263852242744,4693.05,Healthy
2025-12-31,SKU0021,WH03,South,Personal Care,FreshFoods,SUP2,51,4.021978021978022,8,15.793736817959756,45.46398999865377,30.7298604,20.2701396,No Risk,No Action,0.0,12.68032786885246,9573.822,Healthy
2025-12-31,SKU0021,WH04,North,Personal Care,FreshFoods,SUP2,59,4.12087912087912,8,15.882753738242268,46.28260330862548,29.863266,29.136734,No Risk,No Action,0.0,14.317333333333336,11075.598,Healthy
2025-12-31,SKU0021,WH05,South,Personal Care,FreshFoods,SUP2,0,4.087912087912088,8,16.3588798428748,46.51553061669495,35.1434734,-35.1434734,Critical Stockout Risk,Reorder Now,211.68845579907992,0.0,0.0,Healthy
2025-12-31,SKU0022,WH01,North,Personal Care,GlowCare,SUP10,23,5.472527472527473,9,21.97600538494186,69.01388718817799,46.0725416,-23.0725416,Critical Stockout Risk,Reorder Now,146.95137282318638,4.20281124497992,4330.025999999999,Healthy
2025-12-31,SKU0022,WH02,South,Personal Care,GlowCare,SUP10,111,5.34065934065934,9,22.003732361764754,67.90817122998314,50.7087182,60.2912818,No Risk,No Action,0.0,20.783950617283956,20897.082,Healthy
2025-12-31,SKU0022,WH03,South,Personal Care,GlowCare,SUP10,9,5.362637362637362,9,21.978923656682294,68.07226968073698,45.2672217,-36.2672217,Critical Stockout Risk,Reorder Now,145.4684754185271,1.6782786885245904,1694.3579999999995,Healthy
2025-12-31,SKU0022,WH04,North,Personal Care,GlowCare,SUP10,40,5.417582417582418,9,21.96679269500604,68.53240660865146,50.7398551,-10.7398551,Critical Stockout Risk,Reorder Now,146.21180409804424,7.383367139959431,7530.479999999999,Healthy
2025-12-31,SKU0022,WH05,South,Personal Care,GlowCare,SUP10,63,5.142857142857143,9,20.80999554990604,65.01427001559783,43.5199707,19.480029299999998,Reorder Soon,Reorder Soon,142.45637954312062,12.249999999999998,11860.505999999998,Healthy
2025-12-31,SKU0023,WH01,North,Personal Care,SurfStyle,SUP15,101,9.010989010989013,6,41.7328234831255,90.97037754978652,56.405747000000005,44.594252999999995,No Risk,No Action,0.0,11.208536585365854,11296.445999999998,Healthy
2025-12-31,SKU0023,WH02,South,Personal Care,SurfStyle,SUP15,0,9.395604395604396,6,44.05423325383941,95.39339023797986,57.31574,-57.31574,Critical Stockout Risk,Reorder Now,474.111421461812,0.0,0.0,Healthy
2025-12-31,SKU0023,WH03,South,Personal Care,SurfStyle,SUP15,135,9.34065934065934,6,43.74538608462505,94.78431408055415,55.053269,79.946731,No Risk,No Action,0.0,14.452941176470588,15099.21,Healthy
2025-12-31,SKU0023,WH04,North,Personal Care,SurfStyle,SUP15,230,9.384615384615383,6,43.04275762813448,94.32186881463268,60.548918,169.45108199999999,No Risk,No Action,0.0,24.508196721311474,25724.58,Healthy
2025-12-31,SKU0023,WH05,South,Personal Care,SurfStyle,SUP15,223,8.87912087912088,6,41.44899847694806,89.96600297190184,53.28687,169.71313,No Risk,No Action,0.0,25.115099009900987,24941.658,Healthy
2025-12-31,SKU0024,WH01,North,Personal Care,DailyEssentials,SUP14,604,24.35164835164835,11,146.0237793903494,408.9699142158812,270.977666,333.022334,No Risk,No Action,0.0,24.803249097472925,42553.008,Healthy
2025-12-31,SKU0024,WH02,South,Personal Care,DailyEssentials,SUP14,497,24.714285714285715,11,148.74254810253285,415.6043970297084,276.561898,220.43810200000001,No Risk,No Action,0.0,20.10982658959537,35014.644,Healthy
2025-12-31,SKU0024,WH03,South,Personal Care,DailyEssentials,SUP14,511,23.736263736263737,11,144.42389139113322,400.7251780441787,234.264675,276.735325,No Risk,No Action,0.0,21.52824074074074,36000.972,Healthy
2025-12-31,SKU0024,WH04,North,Personal Care,DailyEssentials,SUP14,0,25.307692307692307,11,149.3893218295665,422.6587029230682,269.883911,-269.883911,Critical Stockout Risk,Reorder Now,782.0816295218741,0.0,0.0,Healthy
2025-12-31,SKU0024,WH05,South,Personal Care,DailyEssentials,SUP14,420,25.68131868131868,11,151.52787651748974,428.83162971571534,278.56622,141.43378,Reorder Soon,Reorder Soon,714.2674450218785,16.354300385109113,29589.84,Healthy
2025-12-31,SKU0025,WH01,North,Personal Care,DailyEssentials,SUP5,119,21.21978021978022,6,88.12123256323119,202.3189410381252,125.91346,-6.913460000000001,Critical Stockout Risk,Reorder Now,549.6742999535295,5.607975142413258,19455.072,Healthy
2025-12-31,SKU0025,WH02,South,Personal Care,DailyEssentials,SUP5,296,21.78021978021978,6,89.27050992499238,206.48431530937347,116.543479,179.456521,No Risk,No Action,0.0,13.59031281533804,48392.448,Healthy
2025-12-31,SKU0025,WH03,South,Personal Care,DailyEssentials,SUP5,278,21.967032967032967,6,90.65372489459952,208.8728959154763,124.743089,153.256911,No Risk,No Action,0.0,12.655327663831915,45449.664,Healthy
2025-12-31,SKU0025,WH04,North,Personal Care,DailyEssentials,SUP5,35,21.703296703296704,6,89.29187887026396,206.0917101690292,134.494711,-99.494711,Critical Stockout Risk,Reorder Now,555.9014989356825,1.6126582278481012,5722.08,Healthy
2025-12-31,SKU0025,WH05,South,Personal Care,DailyEssentials,SUP5,292,22.186813186813183,6,92.93971265833306,212.3416667809695,129.15919300000002,162.84080699999998,No Risk,No Action,0.0,13.16097077761268,47738.496,Healthy
2025-12-31,SKU0026,WH01,North,Personal Care,FreshFoods,SUP7,519,44.32967032967033,7,183.07962814681437,469.0526138268341,317.258154,201.741846,No Risk,No Action,0.0,11.7077342588002,73166.544,Healthy
2025-12-31,SKU0026,WH02,South,Personal Care,FreshFoods,SUP7,176,42.91208791208791,7,177.3922381638055,454.22032668152417,299.682907,-123.682907,Critical Stockout Risk,Reorder Now,902.5460843176518,4.101408450704225,24811.776,Healthy
2025-12-31,SKU0026,WH03,South,Personal Care,FreshFoods,SUP7,430,43.62637362637363,7,178.12038744449342,459.556369881201,286.51394500000004,143.48605499999996,Reorder Soon,Reorder Soon,764.5592572672509,9.856423173803526,60619.68,Healthy
2025-12-31,SKU0026,WH04,North,Personal Care,FreshFoods,SUP7,1074,45.13186813186813,7,186.0195847130456,477.16758971746833,304.742066,769.257934,No Risk,No Action,0.0,23.796932067202334,151408.224,Healthy
2025-12-31,SKU0026,WH05,South,Personal Care,FreshFoods,SUP7,137,43.94505494505494,7,179.7060053702676,463.197817401601,317.90947,-180.90947,Critical Stockout Risk,Reorder Now,965.5521592164214,3.1175293823455865,19313.712,Healthy
2025-12-31,SKU0027,WH01,North,Personal Care,GlowCare,SUP8,310,16.483516483516482,8,102.76033237397804,229.3439072334149,123.6093815,186.39061850000002,No Risk,No Action,0.0,18.80666666666667,25489.439999999995,Healthy
2025-12-31,SKU0027,WH02,South,Personal Care,GlowCare,SUP8,134,16.791208791208792,8,103.56018057141873,232.5066488282318,125.35664700000001,8.64335299999999,Reorder Soon,Reorder Soon,647.4396255659343,7.980366492146596,11018.015999999998,Healthy
2025-12-31,SKU0027,WH03,South,Personal Care,GlowCare,SUP8,239,16.516483516483518,8,103.31551887918884,230.15226088834464,129.427587,109.57241300000001,No Risk,No Action,0.0,14.47039254823686,19651.536,Healthy
2025-12-31,SKU0027,WH04,North,Personal Care,GlowCare,SUP8,237,15.75824175824176,8,97.75054827656729,218.764445842189,127.437648,109.562352,No Risk,No Action,0.0,15.039748953974897,19487.088,Healthy
2025-12-31,SKU0027,WH05,South,Personal Care,GlowCare,SUP8,240,15.67032967032967,8,97.3766404192718,217.7154255856432,116.577058,123.422942,No Risk,No Action,0.0,15.315568022440392,19733.76,Healthy
2025-12-31,SKU0028,WH01,North,Home Care,DailyEssentials,SUP4,83,7.4945054945054945,5,34.6898095311195,68.92256702281523,36.8475737,46.1524263,No Risk,No Action,0.0,11.074780058651026,2097.576,Healthy
2025-12-31,SKU0028,WH02,South,Home Care,DailyEssentials,SUP4,33,7.714285714285714,5,35.406953201074245,70.64360387434463,39.0234375,-6.0234375,Critical Stockout Risk,Reorder Now,862.4434901164859,4.277777777777778,833.976,Healthy
2025-12-31,SKU0028,WH03,South,Home Care,DailyEssentials,SUP4,0,7.417582417582418,5,34.52341212933024,68.40480700747484,40.9639445,-40.9639445,Critical Stockout Risk,Reorder Now,845.6954202836592,0.0,0.0,Healthy
2025-12-31,SKU0028,WH04,North,Home Care,DailyEssentials,SUP4,80,7.637362637362638,5,35.30709439244351,70.19238245216278,42.043363,37.956637,No Risk,No Action,0.0,10.474820143884893,2021.76,Healthy
2025-12-31,SKU0028,WH05,South,Home Care,DailyEssentials,SUP4,41,7.296703296703296,5,33.42188618326894,66.75113981154749,38.5508419,2.4491580999999982,Reorder Soon,Reorder Soon,838.7762637646658,5.618975903614458,1036.152,Healthy
2025-12-31,SKU0029,WH01,North,Home Care,FreshFoods,SUP5,68,9.648351648351648,6,35.98047037563418,87.90464854288271,59.217313000000004,8.782686999999996,Reorder Soon,Reorder Soon,278.27833429391967,7.047835990888383,10767.528,Healthy
2025-12-31,SKU0029,WH02,South,Home Care,FreshFoods,SUP5,94,10.252747252747254,6,37.79807615006074,92.9749078471483,58.092026000000004,35.907973999999996,No Risk,No Action,0.0,9.168274383708466,14884.524,Healthy
2025-12-31,SKU0029,WH03,South,Home Care,FreshFoods,SUP5,82,9.065934065934066,6,33.57974094015794,82.3695438877434,55.365379000000004,26.634620999999996,Reorder Soon,Reorder Soon,269.74854538496584,9.044848484848483,12984.372,Healthy
2025-12-31,SKU0029,WH04,North,Home Care,FreshFoods,SUP5,95,9.857142857142858,6,37.398254516525306,90.4460766304455,58.68574,36.31426,No Risk,No Action,0.0,9.63768115942029,15042.87,Healthy
2025-12-31,SKU0029,WH05,South,Home Care,FreshFoods,SUP5,183,9.428571428571429,6,34.95057147284974,85.69196653833862,57.376999,125.623001,No Risk,No Action,0.0,19.40909090909091,28977.318,Healthy
2025-12-31,SKU0030,WH01,North,Home Care,GlowCare,SUP4,158,17.483516483516482,5,62.02595897088151,141.8856615651453,87.042652,70.957348,No Risk,No Action,0.0,9.03708359522313,9407.952,Healthy
2025-12-31,SKU0030,WH02,South,Home Care,GlowCare,SUP4,540,16.791208791208792,5,58.662567045430215,135.36000611773386,86.127904,453.872096,No Risk,No Action,0.0,32.159685863874344,32153.76,Healthy
2025-12-31,SKU0030,WH03,South,Home Care,GlowCare,SUP4,196,17.681318681318682,5,61.548412077138,142.311618534819,88.42702,107.57298,No Risk,No Action,0.0,11.085146053449346,11670.624,Healthy
2025-12-31,SKU0030,WH04,North,Home Care,GlowCare,SUP4,156,17.318681318681318,5,60.71480317822207,139.8215858863049,86.656421,69.343579,No Risk,No Action,0.0,9.00761421319797,9288.864,Healthy
2025-12-31,SKU0030,WH05,South,Home Care,GlowCare,SUP4,280,17.615384615384617,5,62.33669214710651,142.79873065031512,85.637459,194.362541,No Risk,No Action,0.0,15.895196506550215,16672.32,Healthy
2025-12-31,SKU0031,WH01,North,Home Care,GlowCare,SUP15,42,8.945054945054945,6,41.31349930887747,90.19077858968488,46.7608959,-4.760895900000001,Critical Stockout Risk,Reorder Now,263.4529023932485,4.695331695331695,8278.704,Healthy
2025-12-31,SKU0031,WH02,South,Home Care,GlowCare,SUP15,26,9.461538461538462,6,43.78014533714818,95.47957710714223,59.87379,-33.87379,Critical Stockout Risk,Reorder Now,270.95199979739795,2.747967479674797,5124.912,Healthy
2025-12-31,SKU0031,WH03,South,Home Care,GlowCare,SUP15,21,8.87912087912088,6,41.44107034632595,89.95807484127972,51.69161,-30.691609999999997,Critical Stockout Risk,Reorder Now,262.4801498936209,2.36509900990099,4139.352,Healthy
2025-12-31,SKU0031,WH04,North,Home Care,GlowCare,SUP15,157,8.923076923076923,6,41.79202968977648,90.54921737529934,55.035022,101.964978,No Risk,No Action,0.0,17.594827586206897,30946.584,Healthy
2025-12-31,SKU0031,WH05,South,Home Care,GlowCare,SUP15,244,8.43956043956044,6,39.05589954921612,85.17107213847912,49.769421,194.230579,No Risk,No Action,0.0,28.91145833333333,48095.328,Healthy
2025-12-31,SKU0032,WH01,North,Home Care,SurfStyle,SUP12,25,8.758241758241759,8,47.172300541186445,111.53076907032992,75.1215515,-50.121551499999995,Critical Stockout Risk,Reorder Now,623.9465462145906,2.8544542032622333,1378.95,Healthy
2025-12-31,SKU0032,WH02,South,Home Care,SurfStyle,SUP12,165,8.912087912087912,8,47.925625693440736,113.41460684417518,73.8417725,91.1582275,No Risk,No Action,0.0,18.514180024660917,9101.07,Healthy
2025-12-31,SKU0032,WH03,South,Home Care,SurfStyle,SUP12,0,8.813186813186814,8,47.23468847374936,111.9969115106039,74.675353,-74.675353,Critical Stockout Risk,Reorder Now,625.9006585660575,0.0,0.0,Healthy
2025-12-31,SKU0032,WH04,North,Home Care,SurfStyle,SUP12,187,8.901098901098901,8,47.998865255571296,113.40709550476352,78.2942125,108.7057875,No Risk,No Action,0.0,21.00864197530864,10314.546,Healthy
2025-12-31,SKU0032,WH05,South,Home Care,SurfStyle,SUP12,106,8.494505494505495,8,45.96982793649781,108.39027482862818,74.8798045,31.120195499999994,Reorder Soon,Reorder Soon,614.4803101838473,12.478654592496763,5846.7480000000005,Healthy
2025-12-31,SKU0033,WH01,North,Foods & Refreshment,SurfStyle,SUP13,57,4.0,7,18.49257817575788,44.650916188110486,24.1853998,32.8146002,No Risk,No Action,0.0,14.25,1769.508,Healthy
2025-12-31,SKU0033,WH02,South,Foods & Refreshment,SurfStyle,SUP13,62,4.472527472527473,7,19.656189965880955,48.90466131485764,30.4784477,31.5215523,No Risk,No Action,0.0,13.862407862407862,1924.728,Healthy
2025-12-31,SKU0033,WH03,South,Foods & Refreshment,SurfStyle,SUP13,171,4.021978021978022,7,18.491214647366984,44.7932797916556,30.1035045,140.89649550000001,No Risk,No Action,0.0,42.51639344262295,5308.524,Slow Moving
2025-12-31,SKU0033,WH04,North,Foods & Refreshment,SurfStyle,SUP13,34,4.395604395604396,7,20.284991766601543,49.030418153802216,29.9079543,4.0920457,Reorder Soon,Reorder Soon,343.27584655859874,7.734999999999999,1055.496,Healthy
2025-12-31,SKU0033,WH05,South,Foods & Refreshment,SurfStyle,SUP13,136,4.010989010989011,7,18.19174315753392,44.42194473585454,29.7759165,106.2240835,No Risk,No Action,0.0,33.90684931506849,4221.984,Slow Moving
2025-12-31,SKU0034,WH01,North,Home Care,FreshFoods,SUP13,9,5.593406593406593,7,24.57141484858667,61.149969926299526,37.2882094,-28.2882094,Critical Stockout Risk,Reorder Now,161.85428767831303,1.6090373280943029,1579.9319999999998,Healthy
2025-12-31,SKU0034,WH02,South,Home Care,FreshFoods,SUP13,127,5.769230769230769,7,25.5845356984969,63.312907831697785,38.2021103,88.7978897,No Risk,No Action,0.0,22.01333333333333,22294.596,Healthy
2025-12-31,SKU0034,WH03,South,Home Care,FreshFoods,SUP13,79,5.648351648351649,7,24.639717215565994,61.57759012311886,35.0770654,43.9229346,No Risk,No Action,0.0,13.986381322957197,13868.291999999998,Healthy
2025-12-31,SKU0034,WH04,North,Home Care,FreshFoods,SUP13,220,6.032967032967033,7,25.80706657722112,65.26016429365404,35.0602145,184.9397855,No Risk,No Action,0.0,36.46630236794172,38620.56,Overstock
2025-12-31,SKU0034,WH05,South,Home Care,FreshFoods,SUP13,132,5.384615384615385,7,23.709404395152543,58.922551719473375,36.7752766,95.2247234,No Risk,No Action,0.0,24.514285714285712,23172.336,Healthy
2025-12-31,SKU0035,WH01,North,Home Care,DailyEssentials,SUP15,64,5.065934065934066,6,23.73324519434808,51.41435790743432,25.6844836,38.3155164,No Risk,No Action,0.0,12.633405639913232,2385.408,Healthy
2025-12-31,SKU0035,WH02,South,Home Care,DailyEssentials,SUP15,52,5.010989010989011,6,23.70203241829171,51.08291614316661,26.0639259,25.9360741,No Risk,No Action,0.0,10.37719298245614,1938.144,Healthy
2025-12-31,SKU0035,WH03,South,Home Care,DailyEssentials,SUP15,100,5.087912087912088,6,24.218553319129345,52.01975762750013,29.3400107,70.6599893,No Risk,No Action,0.0,19.65442764578834,3727.2,Healthy
2025-12-31,SKU0035,WH04,North,Home Care,DailyEssentials,SUP15,19,4.8901098901098905,6,23.34835259184613,50.06873254265607,26.384525,-7.384525,Critical Stockout Risk,Reorder Now,501.4560442899555,3.885393258426966,708.168,Healthy
2025-12-31,SKU0035,WH05,South,Home Care,DailyEssentials,SUP15,63,4.681318681318682,6,22.60625959995559,48.1857693955624,25.2092416,37.7907584,No Risk,No Action,0.0,13.457746478873238,2348.136,Healthy
2025-12-31,SKU0036,WH01,North,Home Care,SurfStyle,SUP2,0,5.087912087912088,8,19.393745665734837,56.92742660196797,36.7010302,-36.7010302,Critical Stockout Risk,Reorder Now,413.7459986529043,0.0,0.0,Healthy
2025-12-31,SKU0036,WH02,South,Home Care,SurfStyle,SUP2,21,4.549450549450549,8,17.717169384661364,51.27860331036443,34.0014408,-13.001440799999997,Critical Stockout Risk,Reorder Now,391.2402085944427,4.615942028985508,893.97,Healthy
2025-12-31,SKU0036,WH03,South,Home Care,SurfStyle,SUP2,75,4.747252747252747,8,17.37229667835536,52.39292338343682,35.249882400000004,39.750117599999996,No Risk,No Action,0.0,15.79861111111111,3192.75,Healthy
2025-12-31,SKU0036,WH04,North,Home Care,SurfStyle,SUP2,20,4.758241758241758,8,18.32613110939043,53.42782407999292,35.403369,-15.403368999999998,Critical Stockout Risk,Reorder Now,400.1172354028658,4.203233256351039,851.4,Healthy
2025-12-31,SKU0036,WH05,South,Home Care,SurfStyle,SUP2,34,4.989010989010989,8,17.438586227058103,54.24267077360204,38.857261199999996,-4.857261199999996,Critical Stockout Risk,Reorder Now,409.7049750745432,6.814977973568282,1447.38,Healthy
2025-12-31,SKU0037,WH01,North,Home Care,DailyEssentials,SUP14,8,0.6813186813186813,11,5.954778435076454,13.3115746260435,10.19262868,-2.1926286800000003,Critical Stockout Risk,Reorder Now,87.18123100349935,11.741935483870968,1026.192,Healthy
2025-12-31,SKU0037,WH02,South,Home Care,DailyEssentials,SUP14,6,0.4615384615384615,11,4.680522316840183,9.664158446204956,9.18302877,-3.18302877,Critical Stockout Risk,Reorder Now,71.7549386464873,13.0,769.644,Healthy
2025-12-31,SKU0037,WH03,South,Home Care,DailyEssentials,SUP14,16,0.5604395604395604,11,5.19661704361855,11.248175200704344,7.8808805600000005,8.119119439999999,No Risk,No Action,0.0,28.54901960784313,2052.384,Slow Moving
2025-12-31,SKU0037,WH04,North,Home Care,DailyEssentials,SUP14,28,0.5274725274725275,11,4.626536787388847,10.322120935234302,8.87506681,19.12493319,No Risk,No Action,0.0,53.08333333333333,3591.672,Slow Moving
2025-12-31,SKU0037,WH05,South,Home Care,DailyEssentials,SUP14,8,0.6373626373626373,11,5.888931566818584,12.771095745465177,8.6720115,-0.6720115,Critical Stockout Risk,Reorder Now,84.32204857248574,12.551724137931036,1026.192,Healthy
2025-12-31,SKU0038,WH01,North,Personal Care,DailyEssentials,SUP1,512,15.31868131868132,10,75.65104505494223,221.2502678462025,149.211358,362.788642,No Risk,No Action,0.0,33.423242467718794,94417.92,Healthy
2025-12-31,SKU0038,WH02,South,Personal Care,DailyEssentials,SUP1,174,15.868131868131869,10,77.13702522529847,227.9586017752123,164.641874,9.358125999999999,Reorder Soon,Reorder Soon,470.4095406362346,10.965373961218836,32087.34,Healthy
2025-12-31,SKU0038,WH03,South,Personal Care,DailyEssentials,SUP1,266,16.76923076923077,10,82.05740482846457,241.44364154257016,151.4601515,114.5398485,No Risk,No Action,0.0,15.862385321100916,49053.06,Healthy
2025-12-31,SKU0038,WH04,North,Personal Care,DailyEssentials,SUP1,485,16.483516483516482,10,78.1277749282973,234.79838768790304,156.703747,328.296253,No Risk,No Action,0.0,29.423333333333336,89438.84999999999,Healthy
2025-12-31,SKU0038,WH05,South,Personal Care,DailyEssentials,SUP1,266,16.483516483516482,10,79.28963594246002,235.9602487020657,157.786869,108.213131,No Risk,No Action,0.0,16.137333333333334,49053.06,Healthy
2025-12-31,SKU0039,WH01,North,Personal Care,GlowCare,SUP8,31,7.912087912087912,8,49.85350629733874,110.61362222986848,66.4783745,-35.4783745,Critical Stockout Risk,Reorder Now,636.876685985118,3.918055555555555,1428.294,Healthy
2025-12-31,SKU0039,WH02,South,Personal Care,GlowCare,SUP8,133,8.054945054945055,8,50.66809829279575,112.52527187410726,62.2222317,70.77776829999999,No Risk,No Action,0.0,16.511596180081856,6127.842000000001,Healthy
2025-12-31,SKU0039,WH03,South,Personal Care,GlowCare,SUP8,0,7.428571428571429,8,46.525676163445,103.5726739000979,60.4806579,-60.4806579,Critical Stockout Risk,Reorder Now,617.109810697255,0.0,0.0,Healthy
2025-12-31,SKU0039,WH04,North,Personal Care,GlowCare,SUP8,0,7.813186813186813,8,49.245540637340326,109.24615512071342,54.513948299999996,-54.513948299999996,Critical Stockout Risk,Reorder Now,632.8836893434641,0.0,0.0,Healthy
2025-12-31,SKU0039,WH05,South,Personal Care,GlowCare,SUP8,81,7.78021978021978,8,48.50533032353157,108.2527776571858,56.8279182,24.1720818,Reorder Soon,Reorder Soon,631.5470802710306,10.411016949152543,3731.9940000000006,Healthy
2025-12-31,SKU0040,WH01,North,Personal Care,FreshFoods,SUP9,0,5.604395604395604,8,40.50371044008412,81.89969007021008,37.500587599999996,-37.500587599999996,Critical Stockout Risk,Reorder Now,376.1960993851925,0.0,0.0,Healthy
2025-12-31,SKU0040,WH02,South,Personal Care,FreshFoods,SUP9,94,5.164835164835165,8,37.45870463639645,75.60794076612038,43.1902207,50.8097793,No Risk,No Action,0.0,18.2,6514.764,Healthy
2025-12-31,SKU0040,WH03,South,Personal Care,FreshFoods,SUP9,196,5.747252747252747,8,40.30088782990346,82.7520590976601,42.8638678,153.1361322,No Risk,No Action,0.0,34.103250478011475,13583.976,Healthy
2025-12-31,SKU0040,WH04,North,Personal Care,FreshFoods,SUP9,15,5.9010989010989015,8,41.78356956558546,85.37110105848281,46.2216395,-31.221639500000002,Critical Stockout Risk,Reorder Now,386.0258100901714,2.541899441340782,1039.59,Healthy
2025-12-31,SKU0040,WH05,South,Personal Care,FreshFoods,SUP9,122,6.010989010989011,8,42.66783481117975,87.06705217917761,41.628991,80.371009,No Risk,No Action,0.0,20.29616087751371,8455.332,Healthy
2025-12-31,SKU0041,WH01,North,Personal Care,SurfStyle,SUP6,0,0.7912087912087912,10,6.639145571396051,14.049749565941651,9.74254975,-9.74254975,Critical Stockout Risk,Reorder Now,96.09928114095251,0.0,0.0,Healthy
2025-12-31,SKU0041,WH02,South,Personal Care,SurfStyle,SUP6,8,0.8461538461538461,10,6.215843036860085,14.141072308804684,9.22498028,-1.2249802800000005,Critical Stockout Risk,Reorder Now,99.38005971446206,9.454545454545457,1316.736,Healthy
2025-12-31,SKU0041,WH03,South,Personal Care,SurfStyle,SUP6,23,0.989010989010989,10,6.727607041740157,15.990862034922158,8.49540226,14.50459774,No Risk,No Action,0.0,23.255555555555556,3785.616,Healthy
2025-12-31,SKU0041,WH04,North,Personal Care,SurfStyle,SUP6,6,0.8351648351648352,10,5.905259496090676,13.727563712555476,8.64109942,-2.6410994199999998,Critical Stockout Risk,Reorder Now,98.73262572342338,7.184210526315789,987.552,Healthy
2025-12-31,SKU0041,WH05,South,Personal Care,SurfStyle,SUP6,16,0.8351648351648352,10,6.776314684636495,14.598618901101297,9.53988263,6.460117370000001,No Risk,No Action,0.0,19.157894736842103,2633.472,Healthy
2025-12-31,SKU0042,WH01,North,Home Care,DailyEssentials,SUP3,250,19.46153846153846,6,69.49592014963632,174.15526080897698,116.772537,133.227463,No Risk,No Action,0.0,12.845849802371545,51063.0,Healthy
2025-12-31,SKU0042,WH02,South,Home Care,DailyEssentials,SUP3,246,21.164835164835164,6,75.46899174958891,189.2882408234964,131.33092,114.66908000000001,No Risk,No Action,0.0,11.62305295950156,50245.992000000006,Healthy
2025-12-31,SKU0042,WH03,South,Home Care,DailyEssentials,SUP3,126,19.51648351648352,6,71.25250865223856,176.20733022817817,115.262135,10.737865,Reorder Soon,Reorder Soon,335.582178981909,6.456081081081081,25735.752,Healthy
2025-12-31,SKU0042,WH04,North,Home Care,DailyEssentials,SUP3,90,21.07692307692308,6,75.73654170114352,189.0830213084927,131.85844,-41.85844,Critical Stockout Risk,Reorder Now,407.2750032396051,4.27007299270073,18382.68,Healthy
2025-12-31,SKU0042,WH05,South,Home Care,DailyEssentials,SUP3,352,20.98901098901099,6,74.82788531042986,187.70159545122075,117.172453,234.82754699999998,No Risk,No Action,0.0,16.770680628272252,71896.704,Healthy
2025-12-31,SKU0043,WH01,North,Personal Care,FreshFoods,SUP3,25,2.065934065934066,6,9.102487977461523,20.212570441581256,13.7006819,11.2993181,No Risk,No Action,0.0,12.101063829787233,2703.75,Healthy
2025-12-31,SKU0043,WH02,South,Personal Care,FreshFoods,SUP3,53,2.076923076923077,6,9.261555205713634,20.430733853153157,13.0734567,39.9265433,No Risk,No Action,0.0,25.518518518518515,5731.95,Slow Moving
2025-12-31,SKU0043,WH03,South,Personal Care,FreshFoods,SUP3,18,2.1648351648351647,6,9.85653318860809,21.498481302605896,15.948890500000001,2.051109499999999,Reorder Soon,Reorder Soon,191.8937471193001,8.314720812182742,1946.7,Healthy
2025-12-31,SKU0043,WH04,North,Personal Care,FreshFoods,SUP3,17,1.901098901098901,6,8.63219217686402,18.855831891186966,13.7903403,3.2096596999999996,Reorder Soon,Reorder Soon,179.82528692026216,8.942196531791907,1838.55,Healthy
2025-12-31,SKU0043,WH05,South,Personal Care,FreshFoods,SUP3,17,2.230769230769231,6,9.954907028075716,21.95143224199224,12.649574300000001,4.350425699999999,Reorder Soon,Reorder Soon,194.79406889165975,7.620689655172414,1838.55,Healthy
2025-12-31,SKU0044,WH01,North,Home Care,GlowCare,SUP13,78,2.89010989010989,7,13.725385853645614,32.62550370323006,18.9346214,59.0653786,No Risk,No Action,0.0,26.988593155893536,2757.924,Slow Moving
2025-12-31,SKU0044,WH02,South,Home Care,GlowCare,SUP13,102,2.7032967032967035,7,12.654864652010009,30.333301880138425,18.4104678,83.58953220000001,No Risk,No Action,0.0,37.731707317073166,3606.516,Slow Moving
2025-12-31,SKU0044,WH03,South,Home Care,GlowCare,SUP13,58,2.791208791208791,7,12.823242540585223,31.07658829645765,19.0430724,38.9569276,No Risk,No Action,0.0,20.77952755905512,2050.764,Healthy
2025-12-31,SKU0044,WH04,North,Home Care,GlowCare,SUP13,10,2.7142857142857144,7,12.749584734549902,30.49988552864632,19.7408894,-9.7408894,Critical Stockout Risk,Reorder Now,381.7680646471083,3.684210526315789,353.58,Healthy
2025-12-31,SKU0044,WH05,South,Home Care,GlowCare,SUP13,50,2.956043956043956,7,14.51268372266308,33.843982968055535,17.0679969,32.9320031,No Risk,No Action,0.0,16.91449814126394,1767.9,Healthy
2025-12-31,SKU0045,WH01,North,Home Care,SurfStyle,SUP5,759,45.69230769230769,6,187.4947674269215,433.3953742827522,283.878959,475.121041,No Risk,No Action,0.0,16.61111111111111,6712.596,Healthy
2025-12-31,SKU0045,WH02,South,Home Care,SurfStyle,SUP5,179,45.48351648351648,6,185.61667680693185,430.3936397160909,277.482626,-98.48262599999998,Critical Stockout Risk,Reorder Now,1592.4070494768666,3.935491664653298,1583.0759999999998,Healthy
2025-12-31,SKU0045,WH03,South,Home Care,SurfStyle,SUP5,795,44.02197802197802,6,180.3834791974172,417.29493447987454,271.049064,523.950936,No Risk,No Action,0.0,18.05916125811283,7030.98,Healthy
2025-12-31,SKU0045,WH04,North,Home Care,SurfStyle,SUP5,494,44.59340659340659,6,182.0709268830884,422.05761823012085,266.566087,227.43391300000002,No Risk,No Action,0.0,11.077870872350912,4368.936,Healthy
2025-12-31,SKU0045,WH05,South,Home Care,SurfStyle,SUP5,694,46.04395604395605,6,187.9209346075161,435.7139944261623,285.893802,408.106198,No Risk,No Action,0.0,15.07255369928401,6137.736,Healthy
2025-12-31,SKU0046,WH01,North,Home Care,DailyEssentials,SUP5,431,44.10989010989011,6,157.88394422960363,395.2685127527649,255.515151,175.484849,No Risk,No Action,0.0,9.771051320378676,22777.488,Healthy
2025-12-31,SKU0046,WH02,South,Home Care,DailyEssentials,SUP5,680,42.87912087912088,6,152.82918394936104,383.59016710266826,251.10294,428.89706,No Risk,No Action,0.0,15.858534085084573,35936.64,Healthy
2025-12-31,SKU0046,WH03,South,Home Care,DailyEssentials,SUP5,458,43.30769230769231,6,152.87399048488606,385.9414006866247,251.69642000000002,206.30357999999998,No Risk,No Action,0.0,10.575488454706928,24204.384,Healthy
2025-12-31,SKU0046,WH04,North,Home Care,DailyEssentials,SUP5,809,45.06593406593407,6,162.20479572888553,404.7344707447013,256.439167,552.560833,No Risk,No Action,0.0,17.95147524993904,42754.032,Healthy
2025-12-31,SKU0046,WH05,South,Home Care,DailyEssentials,SUP5,571,44.285714285714285,6,158.51871463009428,396.84950963466326,266.712273,304.287727,No Risk,No Action,0.0,12.893548387096777,30176.208,Healthy
2025-12-31,SKU0047,WH01,North,Personal Care,GlowCare,SUP14,62,2.2967032967032965,11,18.811093531321628,43.610616175065374,26.3106964,35.6893036,No Risk,No Action,0.0,26.995215311004788,2039.304,Slow Moving
2025-12-31,SKU0047,WH02,South,Personal Care,GlowCare,SUP14,41,2.879120879120879,11,21.167388899907085,52.25578570689686,27.7845177,13.215482300000001,Reorder Soon,Reorder Soon,434.4099886668092,14.240458015267176,1348.572,Healthy
2025-12-31,SKU0047,WH03,South,Personal Care,GlowCare,SUP14,50,2.879120879120879,11,22.089838575466345,53.17823538245612,28.0091658,21.9908342,Reorder Soon,Reorder Soon,434.4099886668092,17.366412213740457,1644.6,Healthy
2025-12-31,SKU0047,WH04,North,Personal Care,GlowCare,SUP14,7,2.593406593406593,11,19.982646526132157,47.985935253038974,28.8234934,-21.8234934,Critical Stockout Risk,Reorder Now,412.292237883738,2.699152542372881,230.244,Healthy
2025-12-31,SKU0047,WH05,South,Personal Care,GlowCare,SUP14,55,2.417582417582417,11,18.68603729018818,44.79079796781318,27.8189737,27.1810263,No Risk,No Action,0.0,22.75,1809.06,Healthy
2025-12-31,SKU0048,WH01,North,Personal Care,DailyEssentials,SUP3,6,0.6923076923076923,6,4.00429107079813,7.727350619944636,5.94043058,0.05956941999999987,Reorder Soon,Reorder Soon,68.02268234014429,8.666666666666666,865.44,Healthy
2025-12-31,SKU0048,WH02,South,Personal Care,DailyEssentials,SUP3,8,0.6263736263736264,6,4.1584810071336165,7.526963456361408,6.6325533,1.3674467000000003,No Risk,No Action,0.0,12.771929824561404,1153.92,Healthy
2025-12-31,SKU0048,WH03,South,Personal Care,DailyEssentials,SUP3,9,0.4505494505494505,6,3.136325930361513,5.559269446472731,6.6207986,2.3792014000000004,No Risk,No Action,0.0,19.97560975609756,1298.16,Healthy
2025-12-31,SKU0048,WH04,North,Personal Care,DailyEssentials,SUP3,9,0.5274725274725275,6,3.173644366334249,6.010261165683968,6.48884386,2.5111561399999998,No Risk,No Action,0.0,17.0625,1298.16,Healthy
2025-12-31,SKU0048,WH05,South,Personal Care,DailyEssentials,SUP3,7,0.5164835164835165,6,3.2049605429385286,5.982481158968461,6.6374759,0.3625240999999999,No Risk,No Action,0.0,13.5531914893617,1009.68,Healthy
2025-12-31,SKU0049,WH01,North,Home Care,FreshFoods,SUP14,132,8.857142857142858,11,54.34313921356787,149.98148969613948,89.7368304,42.2631696,Reorder Soon,Reorder Soon,904.0059498949544,14.903225806451612,4072.464,Healthy
2025-12-31,SKU0049,WH02,South,Home Care,FreshFoods,SUP14,112,9.9010989010989,11,59.70312270267448,166.61398347785686,104.024755,7.975245000000001,Reorder Soon,Reorder Soon,955.7981013238428,11.311875693673697,3455.424,Healthy
2025-12-31,SKU0049,WH03,South,Home Care,FreshFoods,SUP14,147,9.351648351648352,11,57.91056269527644,158.88852331645313,96.770345,50.229654999999994,Reorder Soon,Reorder Soon,928.8991126711333,15.71915393654524,4535.244,Healthy
2025-12-31,SKU0049,WH04,North,Home Care,FreshFoods,SUP14,234,10.043956043956044,11,60.65469365366186,169.10810846888572,107.5260455,126.4739545,No Risk,No Action,0.0,23.29759299781181,7219.368,Healthy
2025-12-31,SKU0049,WH05,South,Home Care,FreshFoods,SUP14,148,9.75824175824176,11,59.74529586131369,165.1136025964546,106.149557,41.850443,Reorder Soon,Reorder Soon,948.8777232927706,15.166666666666666,4566.0960000000005,Healthy
2025-12-31,SKU0050,WH01,North,Personal Care,DailyEssentials,SUP14,457,16.846153846153847,11,101.21379142390995,283.1165101457242,187.180766,269.819234,No Risk,No Action,0.0,27.127853881278536,49945.530000000006,Healthy
2025-12-31,SKU0050,WH02,South,Personal Care,DailyEssentials,SUP14,226,16.89010989010989,11,101.37130540911966,283.7486561432543,185.97446499999998,40.02553500000002,Reorder Soon,Reorder Soon,496.93271791940185,13.380611581001952,24699.54,Healthy
2025-12-31,SKU0050,WH03,South,Personal Care,DailyEssentials,SUP14,309,16.417582417582416,11,100.64459663445248,277.91965323614227,171.2060765,137.7939235,No Risk,No Action,0.0,18.82128514056225,33770.61,Healthy
2025-12-31,SKU0050,WH04,North,Personal Care,DailyEssentials,SUP14,515,15.131868131868131,11,90.32453166790948,253.71660190922597,164.6841065,350.3158935,No Risk,No Action,0.0,34.03413217138707,56284.350000000006,Healthy
2025-12-31,SKU0050,WH05,South,Personal Care,DailyEssentials,SUP14,370,16.483516483516482,11,100.03476576337336,278.0217703835438,169.141134,200.858866,No Risk,No Action,0.0,22.44666666666667,40437.3,Healthy
2025-12-31,SKU0051,WH01,North,Home Care,DailyEssentials,SUP9,34,0.6593406593406593,8,5.555212996921266,10.42532824752432,7.6657182,26.3342818,No Risk,No Action,0.0,51.56666666666667,5019.42,Slow Moving
2025-12-31,SKU0051,WH02,South,Home Care,DailyEssentials,SUP9,33,0.8241758241758241,8,6.514994930748935,12.602638994002756,8.21918568,24.780814319999998,No Risk,No Action,0.0,40.04,4871.79,Slow Moving
2025-12-31,SKU0051,WH03,South,Home Care,DailyEssentials,SUP9,5,0.5714285714285714,8,4.948176836559141,9.16894338708179,7.6793824399999995,-2.6793824399999995,Critical Stockout Risk,Reorder Now,93.23989781006836,8.75,738.15,Healthy
2025-12-31,SKU0051,WH04,North,Home Care,DailyEssentials,SUP9,16,0.6483516483516484,8,5.476882040167528,10.265828703260532,7.78202515,8.217974850000001,No Risk,No Action,0.0,24.677966101694917,2362.08,Healthy
2025-12-31,SKU0051,WH05,South,Home Care,DailyEssentials,SUP9,13,0.4615384615384615,8,4.194183338278293,7.603264013700432,7.89019658,5.10980342,No Risk,No Action,0.0,28.166666666666664,1919.19,Slow Moving
2025-12-31,SKU0052,WH01,North,Personal Care,SurfStyle,SUP3,84,25.34065934065934,6,91.5681593527308,227.84395808815685,145.949983,-61.949983,Critical Stockout Risk,Reorder Now,658.4120732910022,3.314830875975716,10462.032,Healthy
2025-12-31,SKU0052,WH02,South,Personal Care,SurfStyle,SUP3,66,23.67032967032967,6,85.31914482763868,212.6123236984573,144.231487,-78.23148699999999,Critical Stockout Risk,Reorder Now,636.3425792602188,2.788300835654596,8220.168,Healthy
2025-12-31,SKU0052,WH03,South,Personal Care,SurfStyle,SUP3,487,24.296703296703296,6,86.8560206025335,217.51768192257992,136.355822,350.644178,No Risk,No Action,0.0,20.04387155133424,60654.876,Healthy
2025-12-31,SKU0052,WH04,North,Personal Care,SurfStyle,SUP3,105,24.824175824175825,6,89.42825724769489,222.92653536709105,147.929679,-42.92967899999999,Critical Stockout Risk,Reorder Now,651.6677813969806,4.229747675962815,13077.54,Healthy
2025-12-31,SKU0052,WH05,South,Personal Care,SurfStyle,SUP3,55,24.81318681318681,6,89.25831090508879,222.69749284116517,147.735768,-92.73576800000001,Critical Stockout Risk,Reorder Now,651.5235273207479,2.216563330380868,6850.14,Healthy
2025-12-31,SKU0053,WH01,North,Home Care,GlowCare,SUP3,15,2.78021978021978,6,11.204370646233206,26.155705026139017,16.8057571,-1.805757100000001,Critical Stockout Risk,Reorder Now,435.20775773742326,5.395256916996048,701.2800000000001,Healthy
2025-12-31,SKU0053,WH02,South,Home Care,GlowCare,SUP3,1,2.6923076923076925,6,11.275374789847552,25.75393970319508,17.2185882,-16.2185882,Critical Stockout Risk,Reorder Now,428.2717319994184,0.3714285714285714,46.752,Healthy
2025-12-31,SKU0053,WH03,South,Home Care,GlowCare,SUP3,20,2.78021978021978,6,12.317959300996987,27.2692936809028,14.0499881,5.9500119,Reorder Soon,Reorder Soon,435.20775773742326,7.193675889328064,935.04,Healthy
2025-12-31,SKU0053,WH04,North,Home Care,GlowCare,SUP3,39,2.8131868131868134,6,11.925906653685525,27.05452958355069,18.3016988,20.6983012,No Risk,No Action,0.0,13.863281249999998,1823.328,Healthy
2025-12-31,SKU0053,WH05,South,Home Care,GlowCare,SUP3,9,2.5824175824175826,6,11.17377052224626,25.061373602395925,14.1666293,-5.1666293,Critical Stockout Risk,Reorder Now,419.4404385290765,3.485106382978723,420.768,Healthy
2025-12-31,SKU0054,WH01,North,Home Care,GlowCare,SUP5,119,13.725274725274724,6,56.628068170627685,130.49287287551766,84.4446925,34.5553075,Reorder Soon,Reorder Soon,302.4602843041647,8.67013610888711,20234.76,Healthy
2025-12-31,SKU0054,WH02,South,Home Care,GlowCare,SUP5,47,13.56043956043956,6,56.28297131946118,129.26068869803146,74.736008,-27.736007999999998,Critical Stockout Risk,Reorder Now,300.6385836280624,3.465964343598055,7991.879999999999,Healthy
2025-12-31,SKU0054,WH03,South,Home Care,GlowCare,SUP5,232,13.395604395604396,6,56.51687052630512,128.60750057855566,88.059655,143.94034499999998,No Risk,No Action,0.0,17.319114027891715,39449.28,Healthy
2025-12-31,SKU0054,WH04,North,Home Care,GlowCare,SUP5,314,14.164835164835164,6,58.35214996716512,134.5825208755744,81.3499365,232.6500635,No Risk,No Action,0.0,22.167571761055083,53392.56,Healthy
2025-12-31,SKU0054,WH05,South,Home Care,GlowCare,SUP5,163,13.68131868131868,6,57.812843087198026,131.44109117173608,67.790058,95.209942,No Risk,No Action,0.0,11.9140562248996,27716.52,Healthy
2025-12-31,SKU0055,WH01,North,Home Care,GlowCare,SUP9,353,20.36263736263736,8,95.07791942986393,245.48331208598827,153.246994,199.753006,No Risk,No Action,0.0,17.335671883432273,53636.232,Healthy
2025-12-31,SKU0055,WH02,South,Home Care,GlowCare,SUP9,579,18.87912087912088,8,88.77965895604225,228.22729229830972,145.630367,433.369633,No Risk,No Action,0.0,30.66880093131548,87975.57599999999,Healthy
2025-12-31,SKU0055,WH03,South,Home Care,GlowCare,SUP9,0,18.51648351648352,8,86.80077692614597,223.5698468805818,144.646361,-144.646361,Critical Stockout Risk,Reorder Now,689.205874842948,0.0,0.0,Healthy
2025-12-31,SKU0055,WH04,North,Home Care,GlowCare,SUP9,337,19.78021978021978,8,93.55569860140116,239.65915611949285,138.718984,198.281016,No Risk,No Action,0.0,17.037222222222223,51205.128,Healthy
2025-12-31,SKU0055,WH05,South,Home Care,GlowCare,SUP9,138,19.60439560439561,8,91.69652682905664,236.50128694698756,166.244939,-28.244938999999988,Critical Stockout Risk,Reorder Now,709.1636116988292,7.039237668161435,20968.272,Healthy
2025-12-31,SKU0056,WH01,North,Personal Care,SurfStyle,SUP3,9,0.6153846153846154,6,3.903361765545613,7.212748031453618,6.6374759,2.3625241,No Risk,No Action,0.0,14.625,1410.75,Healthy
2025-12-31,SKU0056,WH02,South,Personal Care,SurfStyle,SUP3,4,0.7032967032967034,6,4.097795564195514,7.879951296661806,7.00839874,-3.0083987399999996,Critical Stockout Risk,Reorder Now,105.38329625246752,5.6875,627.0,Healthy
2025-12-31,SKU0056,WH03,South,Personal Care,SurfStyle,SUP3,0,0.7802197802197802,6,4.522790864481289,8.718619880186083,8.0910056,-8.0910056,Critical Stockout Risk,Reorder Now,110.99692972678832,0.0,0.0,Healthy
2025-12-31,SKU0056,WH04,North,Personal Care,SurfStyle,SUP3,12,0.8131868131868132,6,4.521399209848195,8.894516775512345,7.09147857,4.90852143,No Risk,No Action,0.0,14.756756756756756,1881.0,Healthy
2025-12-31,SKU0056,WH05,South,Personal Care,SurfStyle,SUP3,5,0.7362637362637363,6,4.13757830320981,8.09702258563546,7.99760775,-2.9976077500000002,Critical Stockout Risk,Reorder Now,107.82493201114886,6.791044776119403,783.75,Healthy
2025-12-31,SKU0057,WH01,North,Home Care,FreshFoods,SUP7,107,5.912087912087912,7,20.416972956717498,58.556156470810365,38.9364354,68.0635646,No Risk,No Action,0.0,18.098513011152416,3502.7519999999995,Healthy
2025-12-31,SKU0057,WH02,South,Home Care,FreshFoods,SUP7,40,5.626373626373627,7,19.76158585820483,56.05761180470213,39.6242307,0.37576930000000175,Reorder Soon,Reorder Soon,622.6911456728811,7.109374999999999,1309.4399999999998,Healthy
2025-12-31,SKU0057,WH03,South,Home Care,FreshFoods,SUP7,52,6.043956043956044,7,20.52491223585429,59.514783858068185,36.0265957,15.973404299999999,Reorder Soon,Reorder Soon,645.3852782729634,8.603636363636364,1702.272,Healthy
2025-12-31,SKU0057,WH04,North,Home Care,FreshFoods,SUP7,150,5.87912087912088,7,19.941369059872027,57.86788054693464,38.3211772,111.6788228,No Risk,No Action,0.0,25.514018691588785,4910.4,Healthy
2025-12-31,SKU0057,WH05,South,Home Care,FreshFoods,SUP7,113,5.736263736263736,7,19.954219429077813,56.95915213234264,37.6232384,75.37676160000001,No Risk,No Action,0.0,19.699233716475096,3699.168,Healthy
2025-12-31,SKU0058,WH01,North,Home Care,SurfStyle,SUP2,513,27.912087912087912,8,89.65013785518933,295.558452278585,203.08984900000002,309.910151,No Risk,No Action,0.0,18.37913385826772,16030.223999999998,Healthy
2025-12-31,SKU0058,WH02,South,Home Care,SurfStyle,SUP2,295,27.978021978021975,8,89.7990819940465,296.19379401056824,211.510335,83.489665,Reorder Soon,Reorder Soon,1315.3449120098117,10.543990573448546,9218.16,Healthy
2025-12-31,SKU0058,WH03,South,Home Care,SurfStyle,SUP2,759,27.45054945054945,8,86.81922043831689,289.3227517098296,219.503898,539.4961020000001,No Risk,No Action,0.0,27.649719775820657,23717.232,Healthy
2025-12-31,SKU0058,WH04,North,Home Care,SurfStyle,SUP2,57,29.494505494505493,8,96.34504816597511,313.92690482439787,231.990605,-174.990605,Critical Stockout Risk,Reorder Now,1350.5221307923116,1.9325633383010437,1781.136,Healthy
2025-12-31,SKU0058,WH05,South,Home Care,SurfStyle,SUP2,325,29.1978021978022,8,93.11788701475344,308.51095450410867,236.205163,88.794837,No Risk,No Action,0.0,11.130974783590515,10155.6,Healthy
2025-12-31,SKU0059,WH01,North,Home Care,FreshFoods,SUP9,493,21.95604395604396,8,103.11835197870232,265.2931898237841,168.391161,324.608839,No Risk,No Action,0.0,22.453953953953956,96244.446,Healthy
2025-12-31,SKU0059,WH02,South,Home Care,FreshFoods,SUP9,650,21.978021978021975,8,103.54121469621062,265.8783897163125,188.525693,461.474307,No Risk,No Action,0.0,29.575,126894.3,Healthy
2025-12-31,SKU0059,WH03,South,Home Care,FreshFoods,SUP9,531,21.60439560439561,8,102.54785298559015,262.1252960303503,158.521548,372.478452,No Risk,No Action,0.0,24.57833163784333,103662.882,Healthy
2025-12-31,SKU0059,WH04,North,Home Care,FreshFoods,SUP9,274,22.065934065934066,8,102.6923399591767,265.678863679359,176.446258,97.553742,No Risk,No Action,0.0,12.417330677290837,53490.828,Healthy
2025-12-31,SKU0059,WH05,South,Home Care,FreshFoods,SUP9,346,22.60439560439561,8,105.42388360921724,272.387668117392,179.767562,166.232438,No Risk,No Action,0.0,15.306757413709285,67546.812,Healthy
2025-12-31,SKU0060,WH01,North,Foods & Refreshment,FreshFoods,SUP1,208,10.31868131868132,10,58.30218576863453,156.37798935614774,106.014441,101.985559,No Risk,No Action,0.0,20.15761448349308,18118.464,Healthy
2025-12-31,SKU0060,WH02,South,Foods & Refreshment,FreshFoods,SUP1,236,9.75824175824176,10,54.11785615599979,146.8668589096864,92.9992885,143.0007115,No Risk,No Action,0.0,24.184684684684683,20557.488,Healthy
2025-12-31,SKU0060,WH03,South,Foods & Refreshment,FreshFoods,SUP1,132,9.494505494505496,10,52.77744812828031,143.01972107781322,93.166196,38.833804,Reorder Soon,Reorder Soon,411.5623927244212,13.90277777777778,11498.256,Healthy
2025-12-31,SKU0060,WH04,North,Foods & Refreshment,FreshFoods,SUP1,83,10.307692307692308,10,58.07665315579382,156.04800966813394,94.447616,-11.447615999999996,Critical Stockout Risk,Reorder Now,428.8251334024852,8.052238805970148,7229.964,Healthy
2025-12-31,SKU0060,WH05,South,Foods & Refreshment,FreshFoods,SUP1,169,9.802197802197805,10,54.78336239731991,147.95015345169878,92.9468455,76.0531545,No Risk,No Action,0.0,17.241031390134527,14721.252,Healthy
2025-12-31,SKU0061,WH01,North,Foods & Refreshment,DailyEssentials,SUP11,191,14.68131868131868,5,45.29859254550775,112.8143449843371,70.5036425,120.4963575,No Risk,No Action,0.0,13.009730538922156,12871.872,Healthy
2025-12-31,SKU0061,WH02,South,Foods & Refreshment,DailyEssentials,SUP11,136,15.406593406593409,5,47.35004530783676,118.20115677433284,80.318481,55.681518999999994,No Risk,No Action,0.0,8.827389443651926,9165.312,Healthy
2025-12-31,SKU0061,WH03,South,Foods & Refreshment,DailyEssentials,SUP11,152,15.54945054945055,5,48.23517586551206,119.7432519889728,83.98165499999999,68.01834500000001,No Risk,No Action,0.0,9.775265017667843,10243.584,Healthy
2025-12-31,SKU0061,WH04,North,Foods & Refreshment,DailyEssentials,SUP11,37,15.626373626373626,5,48.17959615755601,120.0414224809208,83.224635,-46.224635000000006,Critical Stockout Risk,Reorder Now,737.4281212113668,2.3677918424753868,2493.504,Healthy
2025-12-31,SKU0061,WH05,South,Foods & Refreshment,DailyEssentials,SUP11,141,15.21978021978022,5,47.86241374565781,117.85441758381548,85.682362,55.317638,No Risk,No Action,0.0,9.264259927797834,9502.272,Healthy
2025-12-31,SKU0062,WH01,North,Personal Care,FreshFoods,SUP1,584,35.40659340659341,10,192.19394273262623,528.7224189402593,305.170365,278.829635,No Risk,No Action,0.0,16.494103041589074,61712.448,Healthy
2025-12-31,SKU0062,WH02,South,Personal Care,FreshFoods,SUP1,857,36.16483516483517,10,196.9055736551148,540.6408980496898,364.739769,492.260231,No Risk,No Action,0.0,23.697052567608623,90560.904,Healthy
2025-12-31,SKU0062,WH03,South,Personal Care,FreshFoods,SUP1,798,35.934065934065934,10,194.15767992849368,535.6996157444341,342.129571,455.870429,No Risk,No Action,0.0,22.207339449541283,84326.256,Healthy
2025-12-31,SKU0062,WH04,North,Personal Care,FreshFoods,SUP1,1292,36.417582417582416,10,202.8320053576096,548.9696124811652,337.441058,954.558942,No Risk,No Action,0.0,35.47736873868437,136528.224,Overstock
2025-12-31,SKU0062,WH05,South,Personal Care,FreshFoods,SUP1,667,34.62637362637363,10,189.87363358660497,518.9863674569501,335.347439,331.652561,No Risk,No Action,0.0,19.26277372262774,70483.224,Healthy
2025-12-31,SKU0063,WH01,North,Home Care,GlowCare,SUP3,231,11.164835164835164,6,47.0755958594049,107.11731811230727,61.727090000000004,169.27291,No Risk,No Action,0.0,20.68996062992126,32622.282000000003,Healthy
2025-12-31,SKU0063,WH02,South,Home Care,GlowCare,SUP3,42,11.736263736263735,6,48.993438505776005,112.10816229130724,73.814239,-31.814239,Critical Stockout Risk,Reorder Now,613.1152106721329,3.578651685393259,5931.3240000000005,Healthy
2025-12-31,SKU0063,WH03,South,Home Care,GlowCare,SUP3,142,11.527472527472527,6,48.53967780325307,110.5315741057084,65.06943,76.93057,No Risk,No Action,0.0,12.318398474737846,20053.524,Healthy
2025-12-31,SKU0063,WH04,North,Home Care,GlowCare,SUP3,105,11.736263736263735,6,52.51734272599271,115.63206651152394,64.371438,40.628562,Reorder Soon,Reorder Soon,613.1152106721329,8.946629213483147,14828.31,Healthy
2025-12-31,SKU0063,WH05,South,Home Care,GlowCare,SUP3,125,11.0989010989011,6,46.92292501087206,106.61007016385574,61.276708,63.723292,No Risk,No Action,0.0,11.262376237623762,17652.75,Healthy
2025-12-31,SKU0064,WH01,North,Foods & Refreshment,DailyEssentials,SUP3,132,7.901098901098901,6,30.99660693083964,73.48676273776564,48.630447000000004,83.369553,No Risk,No Action,0.0,16.70653685674548,26524.872,Healthy
2025-12-31,SKU0064,WH02,South,Foods & Refreshment,DailyEssentials,SUP3,72,8.571428571428571,6,33.13570481789219,79.23072780732511,55.025746,16.974254000000002,Reorder Soon,Reorder Soon,340.6758239229525,8.4,14468.112,Healthy
2025-12-31,SKU0064,WH03,South,Foods & Refreshment,DailyEssentials,SUP3,24,8.417582417582418,6,32.15407826072177,77.4217546836777,48.985775000000004,-24.985775000000004,Critical Stockout Risk,Reorder Now,337.60463340307683,2.8511749347258486,4822.704,Healthy
2025-12-31,SKU0064,WH04,North,Foods & Refreshment,DailyEssentials,SUP3,74,8.483516483516484,6,32.685579114891695,78.30783263776634,55.424943,18.575057,Reorder Soon,Reorder Soon,338.9242656653656,8.72279792746114,14870.004,Healthy
2025-12-31,SKU0064,WH05,South,Foods & Refreshment,DailyEssentials,SUP3,94,8.076923076923077,6,30.70403428407144,74.13972902411402,52.396564000000005,41.603435999999995,No Risk,No Action,0.0,11.638095238095238,18888.924,Healthy
2025-12-31,SKU0065,WH01,North,Personal Care,GlowCare,SUP13,646,41.9010989010989,7,170.6099346864342,444.62571172242457,302.122931,343.877069,No Risk,No Action,0.0,15.417256753212694,41624.364,Healthy
2025-12-31,SKU0065,WH02,South,Personal Care,GlowCare,SUP13,455,42.12087912087912,7,172.91299218507393,448.3660405404244,281.923882,173.076118,No Risk,No Action,0.0,10.8022436733629,29317.47,Healthy
2025-12-31,SKU0065,WH03,South,Personal Care,GlowCare,SUP13,499,40.010989010989015,7,164.74169368430844,426.3969373738026,290.986448,208.013552,No Risk,No Action,0.0,12.471573743477066,32152.566,Healthy
2025-12-31,SKU0065,WH04,North,Personal Care,GlowCare,SUP13,566,41.02197802197802,7,167.11260352363465,435.3792952821849,273.75621,292.24379,No Risk,No Action,0.0,13.797481918028396,36469.644,Healthy
2025-12-31,SKU0065,WH05,South,Personal Care,GlowCare,SUP13,956,41.65934065934066,7,169.78538403943136,442.2201626241257,296.295123,659.704877,No Risk,No Action,0.0,22.94803481930889,61598.904,Healthy
2025-12-31,SKU0066,WH01,North,Personal Care,GlowCare,SUP1,227,8.725274725274724,10,43.17434471342225,126.1053224008402,81.9903346,145.00966540000002,No Risk,No Action,0.0,26.016372795969776,44187.366,Healthy
2025-12-31,SKU0066,WH02,South,Personal Care,GlowCare,SUP1,116,9.0,10,45.01122478057721,130.55337934732194,82.861924,33.138076,Reorder Soon,Reorder Soon,326.66442254897936,12.88888888888889,22580.328,Healthy
2025-12-31,SKU0066,WH03,South,Personal Care,GlowCare,SUP1,367,8.56043956043956,10,42.48973714435313,123.85400870417504,80.1646414,286.8353586,No Risk,No Action,0.0,42.87163029525032,71439.48599999999,Overstock
2025-12-31,SKU0066,WH04,North,Personal Care,GlowCare,SUP1,172,8.615384615384615,10,43.04169858140556,124.92820551709282,88.508461,83.491539,No Risk,No Action,0.0,19.964285714285715,33481.176,Healthy
2025-12-31,SKU0066,WH05,South,Personal Care,GlowCare,SUP1,158,8.571428571428571,10,42.29102982954375,123.75974846453872,96.660449,61.339551,No Risk,No Action,0.0,18.433333333333334,30755.964,Healthy
2025-12-31,SKU0067,WH01,North,Home Care,DailyEssentials,SUP7,379,38.46153846153846,7,183.49234047941923,431.6097053480531,264.024001,114.975999,Reorder Soon,Reorder Soon,2432.290111972889,9.854,4195.53,Healthy
2025-12-31,SKU0067,WH02,South,Home Care,DailyEssentials,SUP7,606,38.43956043956044,7,186.5474407403113,434.52302425759166,257.316506,348.683494,No Risk,No Action,0.0,15.76500857632933,6708.419999999999,Healthy
2025-12-31,SKU0067,WH03,South,Home Care,DailyEssentials,SUP7,326,38.1978021978022,7,184.4101401673757,430.8261288197675,269.2554,56.74459999999999,Reorder Soon,Reorder Soon,2423.9364864541308,8.53452243958573,3608.82,Healthy
2025-12-31,SKU0067,WH04,North,Home Care,DailyEssentials,SUP7,367,39.03296703296704,7,186.26122455677773,438.0649045606028,273.533989,93.46601099999998,Reorder Soon,Reorder Soon,2450.291935412797,9.402308558558556,4062.69,Healthy
2025-12-31,SKU0067,WH05,South,Home Care,DailyEssentials,SUP7,853,36.46153846153846,7,176.85627829493765,412.0715401904026,264.38471,588.61529,No Risk,No Action,0.0,23.39451476793249,9442.71,Healthy
2025-12-31,SKU0068,WH01,North,Home Care,GlowCare,SUP9,25,1.3186813186813189,8,9.493621964267597,19.23385246547371,11.10867831,13.89132169,No Risk,No Action,0.0,18.95833333333333,2981.55,Healthy
2025-12-31,SKU0068,WH02,South,Home Care,GlowCare,SUP9,18,1.3956043956043955,8,9.81506521804673,20.1234758318232,12.1889045,5.8110955,Reorder Soon,Reorder Soon,165.28022292780244,12.89763779527559,2146.716,Healthy
2025-12-31,SKU0068,WH03,South,Home Care,GlowCare,SUP9,44,1.6813186813186811,8,11.469052454053772,23.887846343091564,11.9501345,32.049865499999996,No Risk,No Action,0.0,26.169934640522875,5247.528,Slow Moving
2025-12-31,SKU0068,WH04,North,Home Care,GlowCare,SUP9,33,1.3516483516483515,8,9.568870914153695,19.55260717788996,14.3846353,18.6153647,No Risk,No Action,0.0,24.414634146341463,3935.646,Healthy
2025-12-31,SKU0068,WH05,South,Home Care,GlowCare,SUP9,25,1.5274725274725274,8,11.108924112934115,22.391357776831192,15.4228139,9.5771861,No Risk,No Action,0.0,16.366906474820144,2981.55,Healthy
2025-12-31,SKU0069,WH01,North,Home Care,SurfStyle,SUP8,0,16.021978021978022,8,99.120172941596,222.1594077049687,133.702265,-133.702265,Critical Stockout Risk,Reorder Now,562.314334923928,0.0,0.0,Healthy
2025-12-31,SKU0069,WH02,South,Home Care,SurfStyle,SUP8,251,15.032967032967033,8,93.29536848743324,208.73958875923967,122.30021550000001,128.6997845,No Risk,No Action,0.0,16.696637426900583,33967.83,Healthy
2025-12-31,SKU0069,WH03,South,Home Care,SurfStyle,SUP8,244,15.703296703296704,8,98.29250014010807,218.8844524561983,134.061826,109.938174,No Risk,No Action,0.0,15.538138558432472,33020.520000000004,Healthy
2025-12-31,SKU0069,WH04,North,Home Care,SurfStyle,SUP8,273,15.923076923076923,8,98.70237900885182,220.9821123230679,130.708469,142.291531,No Risk,No Action,0.0,17.144927536231883,36945.09,Healthy
2025-12-31,SKU0069,WH05,South,Home Care,SurfStyle,SUP8,272,16.24175824175824,8,101.71445530547192,226.44147106697045,138.609068,133.390932,No Risk,No Action,0.0,16.746955345060893,36809.76,Healthy
2025-12-31,SKU0070,WH01,North,Foods & Refreshment,GlowCare,SUP11,106,13.637362637362637,5,42.1590809448708,104.87393781357382,74.122512,31.877488,Monitor,Monitor,600.2246639579112,7.77276390008058,2926.236,Healthy
2025-12-31,SKU0070,WH02,South,Foods & Refreshment,GlowCare,SUP11,162,14.10989010989011,5,43.50674372142009,108.39463753239082,75.473626,86.526374,No Risk,No Action,0.0,11.481308411214954,4472.172,Healthy
2025-12-31,SKU0070,WH03,South,Foods & Refreshment,GlowCare,SUP11,119,13.846153846153848,5,42.67510555536176,106.35014153809006,74.74155400000001,44.25844599999999,No Risk,No Action,0.0,8.594444444444443,3285.114,Healthy
2025-12-31,SKU0070,WH04,North,Foods & Refreshment,GlowCare,SUP11,166,13.362637362637363,5,41.51785505620655,102.9693183538237,75.456429,90.543571,No Risk,No Action,0.0,12.422697368421051,4582.596,Healthy
2025-12-31,SKU0070,WH05,South,Foods & Refreshment,GlowCare,SUP11,45,13.505494505494504,5,41.845577462193575,103.95400541677536,72.57833,-27.578329999999994,Critical Stockout Risk,Reorder Now,597.3156420005421,3.331977217249797,1242.27,Healthy
2025-12-31,SKU0071,WH01,North,Personal Care,DailyEssentials,SUP13,54,12.31868131868132,7,53.89173094560629,134.45078839573617,80.571521,-26.571521000000004,Critical Stockout Risk,Reorder Now,457.356305739962,4.383586083853702,1870.128,Healthy
2025-12-31,SKU0071,WH02,South,Personal Care,DailyEssentials,SUP13,346,12.76923076923077,7,54.26683293338227,137.77229658820022,78.725993,267.274007,No Risk,No Action,0.0,27.096385542168672,11982.672,Healthy
2025-12-31,SKU0071,WH03,South,Personal Care,DailyEssentials,SUP13,338,11.857142857142858,7,51.390654317730906,128.93144199720473,79.010519,258.989481,No Risk,No Action,0.0,28.50602409638554,11705.616,Healthy
2025-12-31,SKU0071,WH04,North,Personal Care,DailyEssentials,SUP13,182,11.923076923076923,7,50.94090524120779,128.9128743164896,73.832157,108.167843,No Risk,No Action,0.0,15.264516129032256,6303.023999999999,Healthy
2025-12-31,SKU0071,WH05,South,Personal Care,DailyEssentials,SUP13,138,11.648351648351648,7,49.93882856664141,126.11420849272318,71.0583665,66.9416335,No Risk,No Action,0.0,11.847169811320756,4779.215999999999,Healthy
2025-12-31,SKU0072,WH01,North,Home Care,SurfStyle,SUP6,15,7.6923076923076925,10,26.21823010195724,98.26576893781724,88.29398499999999,-73.29398499999999,Critical Stockout Risk,Reorder Now,453.2638588382188,1.95,1372.5,Healthy
2025-12-31,SKU0072,WH02,South,Home Care,SurfStyle,SUP6,132,7.43956043956044,10,24.420031337094297,94.1002938969189,72.8421616,59.1578384,No Risk,No Action,0.0,17.74298375184638,12078.0,Healthy
2025-12-31,SKU0072,WH03,South,Home Care,SurfStyle,SUP6,124,7.758241758241758,10,25.238382881693507,97.90347205043231,72.053241,51.946759,No Risk,No Action,0.0,15.98300283286119,11346.0,Healthy
2025-12-31,SKU0072,WH04,North,Home Care,SurfStyle,SUP6,109,7.12087912087912,10,24.116532857471768,90.81196880838216,63.9357068,45.0642932,No Risk,No Action,0.0,15.3070987654321,9973.5,Healthy
2025-12-31,SKU0072,WH05,South,Home Care,SurfStyle,SUP6,125,7.879120879120879,10,25.61379487970625,99.41105965872283,75.3761793,49.623820699999996,No Risk,No Action,0.0,15.864714086471407,11437.5,Healthy
2025-12-31,SKU0073,WH01,North,Home Care,GlowCare,SUP13,349,25.274725274725277,7,104.87357034947192,270.1597720758758,176.866685,172.133315,No Risk,No Action,0.0,13.80826086956522,70886.088,Healthy
2025-12-31,SKU0073,WH02,South,Home Care,GlowCare,SUP13,341,25.53846153846154,7,105.41819946436188,272.4291267739978,167.149567,173.850433,No Risk,No Action,0.0,13.352409638554215,69261.192,Healthy
2025-12-31,SKU0073,WH03,South,Home Care,GlowCare,SUP13,0,25.714285714285715,7,105.7540210134323,273.91476537855624,187.505085,-187.505085,Critical Stockout Risk,Reorder Now,645.7540210134323,0.0,0.0,Healthy
2025-12-31,SKU0073,WH04,North,Home Care,GlowCare,SUP13,128,24.945054945054945,7,103.56412762297563,266.69442237033945,161.634418,-33.63441800000001,Critical Stockout Risk,Reorder Now,499.4102814691295,5.131277533039648,25998.336,Healthy
2025-12-31,SKU0073,WH05,South,Home Care,GlowCare,SUP13,223,25.208791208791208,7,104.21208991507784,269.0671102456737,167.171293,55.82870700000001,Reorder Soon,Reorder Soon,410.5967052996932,8.846120313862249,45293.976,Healthy
2025-12-31,SKU0074,WH01,North,Personal Care,SurfStyle,SUP5,196,19.725274725274726,6,71.18531550562645,177.34009888855485,114.748427,81.251573,No Risk,No Action,0.0,9.936490250696378,25007.64,Healthy
2025-12-31,SKU0074,WH02,South,Personal Care,SurfStyle,SUP5,196,17.86813186813187,6,64.15777082019746,160.3180369932568,103.072895,92.927105,No Risk,No Action,0.0,10.969249692496923,25007.64,Healthy
2025-12-31,SKU0074,WH03,South,Personal Care,SurfStyle,SUP5,284,18.78021978021978,6,68.09153291954577,169.16034896490766,106.491653,177.50834700000001,No Risk,No Action,0.0,15.12229373902867,36235.56,Healthy
2025-12-31,SKU0074,WH04,North,Personal Care,SurfStyle,SUP5,403,19.208791208791208,6,69.83598390582652,173.21122699961973,116.738609,286.261391,No Risk,No Action,0.0,20.97997711670481,51418.77,Healthy
2025-12-31,SKU0074,WH05,South,Personal Care,SurfStyle,SUP5,94,18.208791208791208,6,65.23739688878304,163.23097686956984,111.219079,-17.219078999999994,Critical Stockout Risk,Reorder Now,394.0533821934099,5.162341581170791,11993.46,Healthy
2025-12-31,SKU0075,WH01,North,Home Care,FreshFoods,SUP15,95,4.615384615384615,6,22.093491088943964,47.31272609869716,21.734624500000002,73.2653755,No Risk,No Action,0.0,20.583333333333336,18652.11,Healthy
2025-12-31,SKU0075,WH02,South,Home Care,FreshFoods,SUP15,46,4.274725274725275,6,20.46583319123344,43.82364847407628,26.7745154,19.2254846,No Risk,No Action,0.0,10.760925449871465,9031.548,Healthy
2025-12-31,SKU0075,WH03,South,Home Care,FreshFoods,SUP15,50,4.5054945054945055,6,21.29312058181603,45.911897615146536,23.9200737,26.0799263,No Risk,No Action,0.0,11.097560975609756,9816.9,Healthy
2025-12-31,SKU0075,WH04,North,Home Care,FreshFoods,SUP15,8,4.483516483516484,6,21.511894636218397,46.010580074264354,30.809120399999998,-22.809120399999998,Critical Stockout Risk,Reorder Now,218.3100870386108,1.784313725490196,1570.704,Healthy
2025-12-31,SKU0075,WH05,South,Home Care,FreshFoods,SUP15,36,4.373626373626373,6,20.98366666679429,44.88189412841756,24.5376169,11.4623831,Reorder Soon,Reorder Soon,215.6181211060556,8.231155778894474,7068.168,Healthy
2025-12-31,SKU0076,WH01,North,Foods & Refreshment,GlowCare,SUP8,176,14.692307692307692,8,91.23244209119628,204.0606018159077,119.301841,56.698159000000004,Reorder Soon,Reorder Soon,331.28875800665617,11.979057591623038,29935.488,Healthy
2025-12-31,SKU0076,WH02,South,Foods & Refreshment,GlowCare,SUP8,180,13.67032967032967,8,84.21496015478169,189.19493823820804,118.59348800000001,61.40651199999999,Reorder Soon,Reorder Soon,319.5590970025951,13.167202572347268,30615.84,Healthy
2025-12-31,SKU0076,WH03,South,Foods & Refreshment,GlowCare,SUP8,423,14.34065934065934,8,88.7424039253189,198.87011405302903,98.978088,324.021912,No Risk,No Action,0.0,29.49655172413793,71947.224,Healthy
2025-12-31,SKU0076,WH04,North,Foods & Refreshment,GlowCare,SUP8,283,13.89010989010989,8,85.79504908308529,192.4628081646375,93.688422,189.311578,No Risk,No Action,0.0,20.37420886075949,48134.904,Healthy
2025-12-31,SKU0076,WH05,South,Foods & Refreshment,GlowCare,SUP8,0,13.9010989010989,8,85.81957776453767,192.5717258959961,132.803897,-132.803897,Critical Stockout Risk,Reorder Now,391.6437535887134,0.0,0.0,Healthy
2025-12-31,SKU0077,WH01,North,Personal Care,GlowCare,SUP12,225,10.131868131868131,8,56.99788200209944,131.45021322401948,73.946123,151.053877,No Risk,No Action,0.0,22.20715835140998,22802.85,Healthy
2025-12-31,SKU0077,WH02,South,Personal Care,GlowCare,SUP12,120,10.23076923076923,8,56.89413610237717,132.07322543817713,85.2576485,34.7423515,Reorder Soon,Reorder Soon,433.80527716450285,11.729323308270676,12161.52,Healthy
2025-12-31,SKU0077,WH03,South,Personal Care,GlowCare,SUP12,0,10.56043956043956,8,59.07771840141685,136.6793347834832,83.202611,-83.202611,Critical Stockout Risk,Reorder Now,440.73920522087474,0.0,0.0,Healthy
2025-12-31,SKU0077,WH04,North,Personal Care,GlowCare,SUP12,375,10.010989010989013,8,53.75473498685854,127.31880629181424,75.753858,299.246142,No Risk,No Action,0.0,37.45883644346872,38004.74999999999,Overstock
2025-12-31,SKU0077,WH05,South,Personal Care,GlowCare,SUP12,29,9.835164835164836,8,54.56504498066652,126.83710186094685,81.68225050000001,-52.68225050000001,Critical Stockout Risk,Reorder Now,425.335378575804,2.948603351955307,2939.034,Healthy
2025-12-31,SKU0078,WH01,North,Personal Care,SurfStyle,SUP14,119,9.032967032967033,11,54.29479160096781,151.83167013282122,102.479973,16.520027,Reorder Soon,Reorder Soon,375.2616028118332,13.17396593673966,19764.948,Healthy
2025-12-31,SKU0078,WH02,South,Personal Care,SurfStyle,SUP14,185,9.703296703296704,11,59.15984697979221,163.93486369953254,111.7567605,73.2432395,No Risk,No Action,0.0,19.065685164212912,30727.02,Healthy
2025-12-31,SKU0078,WH03,South,Personal Care,SurfStyle,SUP14,353,8.626373626373626,11,53.32091968081522,146.46745209870443,95.256837,257.743163,No Risk,No Action,0.0,40.921019108280255,58630.476,Overstock
2025-12-31,SKU0078,WH04,North,Personal Care,SurfStyle,SUP14,398,8.923076923076923,11,54.706748756256346,151.05704725730862,106.276223,291.723777,No Risk,No Action,0.0,44.603448275862064,66104.616,Overstock
2025-12-31,SKU0078,WH05,South,Personal Care,SurfStyle,SUP14,0,8.846153846153847,11,53.84393970263353,149.363632182125,102.904111,-102.904111,Critical Stockout Risk,Reorder Now,371.3608871461917,0.0,0.0,Healthy
2025-12-31,SKU0079,WH01,North,Home Care,FreshFoods,SUP12,15,1.2087912087912087,8,7.76401949306752,16.64661866271091,9.16397522,5.836024780000001,Reorder Soon,Reorder Soon,253.18805925202025,12.40909090909091,144.54,Healthy
2025-12-31,SKU0079,WH02,South,Home Care,FreshFoods,SUP12,12,1.1538461538461535,8,7.89873448262624,16.377579144558567,8.561918499999999,3.438081500000001,Reorder Soon,Reorder Soon,247.3668659652092,10.4,115.632,Healthy
2025-12-31,SKU0079,WH03,South,Home Care,FreshFoods,SUP12,4,1.1538461538461535,8,7.287691472335071,15.766536134267398,10.3271333,-6.3271333,Critical Stockout Risk,Reorder Now,247.3668659652092,3.466666666666667,38.544,Healthy
2025-12-31,SKU0079,WH04,North,Home Care,FreshFoods,SUP12,20,1.1318681318681318,8,7.5067002951933315,15.824043154041233,10.88435146,9.11564854,No Risk,No Action,0.0,17.66990291262136,192.72,Healthy
2025-12-31,SKU0079,WH05,South,Home Care,FreshFoods,SUP12,17,0.9230769230769232,8,6.176114768385621,12.959190497931484,8.37997426,8.62002574,No Risk,No Action,0.0,18.416666666666664,163.81199999999998,Healthy
2025-12-31,SKU0080,WH01,North,Personal Care,FreshFoods,SUP13,171,14.538461538461538,7,60.841044783929874,155.9165425595961,103.813428,67.186572,No Risk,No Action,0.0,11.761904761904765,4833.486,Healthy
2025-12-31,SKU0080,WH02,South,Personal Care,FreshFoods,SUP13,105,14.24175824175824,7,61.79389105343807,154.92907254796825,96.859599,8.140400999999997,Reorder Soon,Reorder Soon,1147.1357787351244,7.372685185185186,2967.93,Healthy
2025-12-31,SKU0080,WH03,South,Personal Care,FreshFoods,SUP13,34,14.362637362637363,7,59.62181354079926,153.54749426097746,104.298292,-70.298292,Critical Stockout Risk,Reorder Now,1151.9937383199904,2.3672532517214995,961.044,Healthy
2025-12-31,SKU0080,WH04,North,Personal Care,FreshFoods,SUP13,197,15.10989010989011,7,64.8052301029133,163.61763330891563,115.450185,81.549815,No Risk,No Action,0.0,13.037818181818182,5568.402,Healthy
2025-12-31,SKU0080,WH05,South,Personal Care,FreshFoods,SUP13,143,14.285714285714286,7,60.55961638167913,153.98225214008133,104.2947635,38.7052365,Reorder Soon,Reorder Soon,1148.904686152446,10.01,4042.038,Healthy
