sku_id,wh_id,total_90,avg_daily_90,std_daily_90,zero_days_90,promo_share_90,cv_90,movement_class
SKU0001,WH01,1744.0,19.164835164835164,6.49660379012456,0,0.08791208791208792,0.33898563354434347,Normal
SKU0001,WH02,1810.0,19.89010989010989,6.941742575736298,0,0.08791208791208792,0.3490047372331509,Normal
SKU0001,WH03,1734.0,19.054945054945055,7.630876806126595,0,0.08791208791208792,0.40046700654989625,Normal
SKU0001,WH04,1752.0,19.252747252747252,9.14888385007022,0,0.08791208791208792,0.47519887577419523,Normal
SKU0001,WH05,1833.0,20.142857142857142,8.463741526944252,0,0.08791208791208792,0.4201857495646083,Normal
SKU0002,WH01,385.0,4.230769230769231,1.9210929937403578,0,0.08791208791208792,0.4540765257931755,Slow
SKU0002,WH02,388.0,4.263736263736264,2.370350020262665,2,0.08791208791208792,0.5559326078451096,Slow
SKU0002,WH03,425.0,4.670329670329671,2.9327838313147114,6,0.08791208791208792,0.6279607732932676,Slow
SKU0002,WH04,391.0,4.2967032967032965,2.4652901812272883,1,0.08791208791208792,0.5737631879582692,Slow
SKU0002,WH05,403.0,4.428571428571429,2.4816788991991205,2,0.08791208791208792,0.5603791062707691,Slow
SKU0003,WH01,4070.0,44.72527472527472,12.739323140981787,0,0.07692307692307693,0.28483498914725863,Fast
SKU0003,WH02,3958.0,43.494505494505496,13.88394246472731,0,0.07692307692307693,0.3192114108868583,Fast
SKU0003,WH03,4142.0,45.51648351648352,15.271878759022439,0,0.07692307692307693,0.3355241349761086,Fast
SKU0003,WH04,3910.0,42.967032967032964,14.783211611261791,0,0.07692307692307693,0.34405940067131024,Fast
SKU0003,WH05,3806.0,41.824175824175825,13.244364341605333,0,0.07692307692307693,0.31666767080559255,Fast
SKU0004,WH01,7288.0,80.08791208791209,21.846254879471957,0,0.054945054945054944,0.27277842947749015,Fast
SKU0004,WH02,7416.0,81.49450549450549,27.2006428136353,0,0.054945054945054944,0.33377272060960256,Fast
SKU0004,WH03,7317.0,80.4065934065934,20.6881490617095,0,0.054945054945054944,0.2572941867726615,Fast
SKU0004,WH04,7254.0,79.71428571428571,20.072250449195728,0,0.054945054945054944,0.25180242498991057,Fast
SKU0004,WH05,7474.0,82.13186813186813,22.549801078801757,0,0.054945054945054944,0.27455604738706985,Fast
SKU0005,WH01,1764.0,19.384615384615383,6.380124050987012,0,0.10989010989010989,0.32913338358266336,Normal
SKU0005,WH02,1866.0,20.505494505494507,7.234751975129222,0,0.10989010989010989,0.35282016598968874,Fast
SKU0005,WH03,1878.0,20.63736263736264,6.903326868685984,0,0.10989010989010989,0.33450625402046036,Fast
SKU0005,WH04,1866.0,20.505494505494507,7.415259981017563,0,0.10989010989010989,0.36162307517288217,Fast
SKU0005,WH05,1796.0,19.736263736263737,6.7409777807660385,0,0.10989010989010989,0.34155288310117454,Normal
SKU0006,WH01,58.0,0.6373626373626373,0.863024185530594,50,0.14285714285714285,1.3540551876428286,Slow
SKU0006,WH02,65.0,0.7142857142857143,0.8979694907674796,47,0.14285714285714285,1.2571572870744714,Slow
SKU0006,WH03,64.0,0.7032967032967034,0.9005492829318177,48,0.14285714285714285,1.2804685116686783,Slow
SKU0006,WH04,53.0,0.5824175824175825,0.700252876005583,48,0.14285714285714285,1.2023209757831705,Slow
SKU0006,WH05,53.0,0.5824175824175825,0.7610801398295579,52,0.14285714285714285,1.3067602400847125,Slow
SKU0007,WH01,1205.0,13.241758241758241,5.073549402627665,0,0.08791208791208792,0.3831477142233341,Normal
SKU0007,WH02,1376.0,15.12087912087912,7.001325532965826,0,0.08791208791208792,0.4630237089388737,Normal
SKU0007,WH03,1261.0,13.857142857142858,5.849162197503024,0,0.08791208791208792,0.4221044884795997,Normal
SKU0007,WH04,1362.0,14.967032967032967,5.673428415675128,0,0.08791208791208792,0.37906166360237636,Normal
SKU0007,WH05,1303.0,14.31868131868132,5.454619084122132,0,0.08791208791208792,0.3809442338105249,Normal
SKU0008,WH01,2572.0,28.263736263736263,9.83399451430842,0,0.07692307692307693,0.34793681990749076,Fast
SKU0008,WH02,2635.0,28.956043956043956,9.76377896776549,0,0.07692307692307693,0.33719312564199605,Fast
SKU0008,WH03,2445.0,26.86813186813187,8.660521912947267,0,0.07692307692307693,0.3223343534062173,Fast
SKU0008,WH04,2526.0,27.75824175824176,9.15950102879295,0,0.07692307692307693,0.3299741067379883,Fast
SKU0008,WH05,2560.0,28.13186813186813,9.087486868349114,0,0.07692307692307693,0.3230317597733474,Fast
SKU0009,WH01,3133.0,34.42857142857143,10.500944779868203,0,0.08791208791208792,0.3050066948509436,Fast
SKU0009,WH02,3364.0,36.967032967032964,11.049837152596464,0,0.08791208791208792,0.29891057695787104,Fast
SKU0009,WH03,3349.0,36.8021978021978,11.196447631299831,0,0.08791208791208792,0.3042331246486368,Fast
SKU0009,WH04,3409.0,37.46153846153846,11.9250508429456,0,0.08791208791208792,0.31832784591025215,Fast
SKU0009,WH05,3290.0,36.15384615384615,12.300788662089994,0,0.08791208791208792,0.34023458001525514,Fast
SKU0010,WH01,647.0,7.1098901098901095,3.0090624211632195,0,0.054945054945054944,0.4232220716010093,Normal
SKU0010,WH02,637.0,7.0,3.101970699768491,1,0.054945054945054944,0.4431386713954987,Normal
SKU0010,WH03,640.0,7.032967032967033,3.085631753972486,0,0.054945054945054944,0.43873826501796287,Normal
SKU0010,WH04,661.0,7.263736263736264,3.258613082057951,0,0.054945054945054944,0.4486139038839237,Normal
SKU0010,WH05,642.0,7.054945054945055,3.1424075602514185,0,0.054945054945054944,0.4454191401602478,Normal
SKU0011,WH01,1942.0,21.34065934065934,7.324570188709265,0,0.0989010989010989,0.3432213631166545,Fast
SKU0011,WH02,1863.0,20.47252747252747,7.11233772998358,0,0.0989010989010989,0.3474088746261438,Normal
SKU0011,WH03,1941.0,21.32967032967033,7.07429610955503,0,0.0989010989010989,0.3316645780368407,Fast
SKU0011,WH04,1912.0,21.01098901098901,6.414384019087286,0,0.0989010989010989,0.30528710551095345,Fast
SKU0011,WH05,2021.0,22.208791208791208,6.9849305786997755,0,0.0989010989010989,0.3145119656910834,Fast
SKU0012,WH01,873.0,9.593406593406593,3.7057853328066543,0,0.08791208791208792,0.38628461086529847,Normal
SKU0012,WH02,869.0,9.54945054945055,4.919945203542495,0,0.08791208791208792,0.5152071501983511,Normal
SKU0012,WH03,828.0,9.098901098901099,4.312913284686002,0,0.08791208791208792,0.474003754717906,Normal
SKU0012,WH04,867.0,9.527472527472527,4.3213697914245754,0,0.08791208791208792,0.45356937833868094,Normal
SKU0012,WH05,899.0,9.87912087912088,4.3174971268990365,0,0.08791208791208792,0.43703252341247195,Normal
SKU0013,WH01,633.0,6.956043956043956,2.8476582500639895,0,0.10989010989010989,0.40937899013558143,Normal
SKU0013,WH02,626.0,6.8791208791208796,3.3427705236995813,0,0.10989010989010989,0.485929900410003,Normal
SKU0013,WH03,636.0,6.989010989010989,3.314930887479675,0,0.10989010989010989,0.4743061489947334,Normal
SKU0013,WH04,664.0,7.2967032967032965,3.6832790508654876,0,0.10989010989010989,0.5047867373927098,Normal
SKU0013,WH05,644.0,7.076923076923077,3.4616334269974303,0,0.10989010989010989,0.4891438538148543,Normal
SKU0014,WH01,316.0,3.4725274725274726,2.3727183629315194,4,0.08791208791208792,0.6832828197049629,Slow
SKU0014,WH02,339.0,3.7252747252747254,2.2314217394394493,4,0.08791208791208792,0.5989952161917106,Slow
SKU0014,WH03,349.0,3.8351648351648353,2.3393433849111323,2,0.08791208791208792,0.609972057383705,Slow
SKU0014,WH04,374.0,4.1098901098901095,2.335477821443966,1,0.08791208791208792,0.5682579725973287,Slow
SKU0014,WH05,323.0,3.5494505494505493,2.2073802283538444,1,0.08791208791208792,0.6218935008674918,Slow
SKU0015,WH01,293.0,3.21978021978022,1.6653474632586958,3,0.07692307692307693,0.51722395616567,Slow
SKU0015,WH02,251.0,2.758241758241758,1.7596758498255005,4,0.07692307692307693,0.6379701288211974,Slow
SKU0015,WH03,257.0,2.8241758241758244,1.9182944194918254,4,0.07692307692307693,0.6792404364737592,Slow
SKU0015,WH04,250.0,2.7472527472527473,1.5605797113281443,3,0.07692307692307693,0.5680510149234446,Slow
SKU0015,WH05,281.0,3.087912087912088,1.767913721175025,3,0.07692307692307693,0.5725272193129085,Slow
SKU0016,WH01,5154.0,56.637362637362635,15.432661240597255,0,0.0989010989010989,0.2724819893081782,Fast
SKU0016,WH02,5322.0,58.48351648351648,17.34574083960455,0,0.0989010989010989,0.29659196099286245,Fast
SKU0016,WH03,5404.0,59.38461538461539,16.908097488592876,0,0.0989010989010989,0.28472184890117536,Fast
SKU0016,WH04,5202.0,57.16483516483517,16.84983596112947,0,0.0989010989010989,0.294758760565702,Fast
SKU0016,WH05,5035.0,55.32967032967033,16.00350999350868,0,0.0989010989010989,0.28923920742984904,Fast
SKU0017,WH01,793.0,8.714285714285714,3.8014199519118717,0,0.07692307692307693,0.43622851907185417,Normal
SKU0017,WH02,906.0,9.956043956043956,3.841041779726166,0,0.07692307692307693,0.38580000215792615,Normal
SKU0017,WH03,837.0,9.197802197802197,4.187865487120776,0,0.07692307692307693,0.45531154041575944,Normal
SKU0017,WH04,820.0,9.010989010989011,4.015233507792557,0,0.07692307692307693,0.4455929868403935,Normal
SKU0017,WH05,861.0,9.461538461538462,4.198697396700532,0,0.07692307692307693,0.44376476550493427,Normal
SKU0018,WH01,1752.0,19.252747252747252,6.376333684620909,0,0.04395604395604396,0.33119084777425956,Normal
SKU0018,WH02,1860.0,20.439560439560438,6.9653248966398476,0,0.04395604395604396,0.3407766481689388,Normal
SKU0018,WH03,1731.0,19.021978021978022,5.806084972735302,0,0.04395604395604396,0.30523034807562827,Normal
SKU0018,WH04,1798.0,19.75824175824176,6.467595567890159,0,0.04395604395604396,0.32733659437041407,Normal
SKU0018,WH05,1793.0,19.703296703296704,5.451797879791595,0,0.04395604395604396,0.2766947055555132,Normal
SKU0019,WH01,2199.0,24.164835164835164,8.08464076885401,0,0.0989010989010989,0.33456221462742836,Fast
SKU0019,WH02,2295.0,25.21978021978022,8.322395752562544,0,0.0989010989010989,0.32999477711685904,Fast
SKU0019,WH03,2098.0,23.054945054945055,8.463467423596597,0,0.0989010989010989,0.36709987395009075,Fast
SKU0019,WH04,2211.0,24.296703296703296,9.135394542953986,0,0.0989010989010989,0.3759931720528325,Fast
SKU0019,WH05,2216.0,24.35164835164835,7.800817088789304,0,0.0989010989010989,0.3203404129421601,Fast
SKU0020,WH01,1322.0,14.527472527472527,4.969553208937308,0,0.08791208791208792,0.3420796838224622,Normal
SKU0020,WH02,1299.0,14.274725274725276,5.660910672843165,0,0.08791208791208792,0.3965688000221154,Normal
SKU0020,WH03,1337.0,14.692307692307692,5.42564344917788,0,0.08791208791208792,0.36928463266655726,Normal
SKU0020,WH04,1317.0,14.472527472527473,5.576419917515099,0,0.08791208791208792,0.38531071563695823,Normal
SKU0020,WH05,1378.0,15.142857142857142,5.472296752372969,0,0.08791208791208792,0.3613780874208565,Normal
SKU0021,WH01,404.0,4.43956043956044,2.468507381704315,2,0.0989010989010989,0.5560251775621106,Slow
SKU0021,WH02,379.0,4.164835164835165,2.9373598737783273,2,0.0989010989010989,0.7052763813029757,Slow
SKU0021,WH03,366.0,4.021978021978022,2.3616285434609265,3,0.0989010989010989,0.5871808673632358,Slow
SKU0021,WH04,375.0,4.1208791208791204,2.3182137032885417,0,0.0989010989010989,0.5625531919980196,Slow
SKU0021,WH05,372.0,4.087912087912088,2.501769825314123,1,0.0989010989010989,0.6119920809236162,Slow
SKU0022,WH01,498.0,5.472527472527473,2.2917274384216486,0,0.03296703296703297,0.4187694716794579,Normal
SKU0022,WH02,486.0,5.34065934065934,2.5915237054665576,1,0.03296703296703297,0.48524415061205095,Normal
SKU0022,WH03,488.0,5.362637362637362,2.5320895346486876,0,0.03296703296703297,0.4721724337152266,Normal
SKU0022,WH04,493.0,5.417582417582418,2.408623092446222,1,0.03296703296703297,0.44459371483287263,Normal
SKU0022,WH05,468.0,5.142857142857143,2.2586693652651557,2,0.03296703296703297,0.43918570991266914,Normal
SKU0023,WH01,820.0,9.010989010989011,3.5854474553998785,1,0.02197802197802198,0.3978972176114499,Normal
SKU0023,WH02,855.0,9.395604395604396,4.144284205395617,0,0.02197802197802198,0.44108755870292526,Normal
SKU0023,WH03,850.0,9.340659340659341,4.0830810268167195,0,0.02197802197802198,0.4371298511062605,Normal
SKU0023,WH04,854.0,9.384615384615385,3.388769789135975,0,0.02197802197802198,0.3610984201538334,Normal
SKU0023,WH05,808.0,8.87912087912088,3.782518751764241,1,0.02197802197802198,0.4260014930823588,Normal
SKU0024,WH01,2216.0,24.35164835164835,9.189817585390214,0,0.10989010989010989,0.3773796932628653,Fast
SKU0024,WH02,2249.0,24.714285714285715,9.618599706686016,0,0.10989010989010989,0.38919189564625495,Fast
SKU0024,WH03,2160.0,23.736263736263737,10.037524224224446,0,0.10989010989010989,0.4228771779650114,Fast
SKU0024,WH04,2303.0,25.307692307692307,8.174067813236237,0,0.10989010989010989,0.32298748198197896,Fast
SKU0024,WH05,2337.0,25.681318681318682,8.252782858431749,0,0.10989010989010989,0.3213535473330291,Fast
SKU0025,WH01,1931.0,21.21978021978022,7.469645533464383,0,0.07692307692307693,0.3520133317168611,Fast
SKU0025,WH02,1982.0,21.78021978021978,6.903786719060132,0,0.07692307692307693,0.3169750713594712,Fast
SKU0025,WH03,1999.0,21.967032967032967,7.3717939162286354,0,0.07692307692307693,0.33558441539610095,Fast
SKU0025,WH04,1975.0,21.703296703296704,7.104762886800351,0,0.07692307692307693,0.32735869503738324,Fast
SKU0025,WH05,2019.0,22.186813186813186,8.29445877668015,0,0.07692307692307693,0.3738463341643852,Fast
SKU0026,WH01,4034.0,44.32967032967033,12.706127082855163,0,0.07692307692307693,0.2866280526871145,Fast
SKU0026,WH02,3905.0,42.91208791208791,12.437084645570058,0,0.07692307692307693,0.2898270685651409,Fast
SKU0026,WH03,3970.0,43.62637362637363,10.686074377065957,0,0.07692307692307693,0.2449452816909325,Fast
SKU0026,WH04,4107.0,45.13186813186813,12.624674949574645,0,0.07692307692307693,0.2797286146606508,Fast
SKU0026,WH05,3999.0,43.94505494505494,11.032641103524112,0,0.07692307692307693,0.25105534894240916,Fast
SKU0027,WH01,1500.0,16.483516483516482,6.5817299943988665,0,0.10989010989010989,0.39929161966019794,Normal
SKU0027,WH02,1528.0,16.791208791208792,5.809028382166051,0,0.10989010989010989,0.3459565332310934,Normal
SKU0027,WH03,1503.0,16.516483516483518,6.853000376741135,0,0.10989010989010989,0.4149188518186582,Normal
SKU0027,WH04,1434.0,15.758241758241759,5.91484133222084,0,0.10989010989010989,0.37534906641010907,Normal
SKU0027,WH05,1426.0,15.67032967032967,6.016745050375741,0,0.10989010989010989,0.3839577837196301,Normal
SKU0028,WH01,682.0,7.4945054945054945,3.436321115423123,0,0.08791208791208792,0.45851205499047537,Normal
SKU0028,WH02,702.0,7.714285714285714,3.283919454573603,0,0.08791208791208792,0.4256932626299115,Normal
SKU0028,WH03,675.0,7.417582417582418,3.5529828909927814,0,0.08791208791208792,0.47899473048939717,Normal
SKU0028,WH04,695.0,7.637362637362638,3.465757840859256,0,0.08791208791208792,0.4537898755657443,Normal
SKU0028,WH05,664.0,7.2967032967032965,3.0459244372859415,1,0.08791208791208792,0.4174384394473203,Normal
SKU0029,WH01,878.0,9.648351648351648,4.014898992429813,0,0.054945054945054944,0.4161227885092403,Normal
SKU0029,WH02,933.0,10.252747252747254,3.990526021002485,0,0.054945054945054944,0.3892152925093528,Normal
SKU0029,WH03,825.0,9.065934065934066,3.6295154185348464,1,0.054945054945054944,0.4003465491959649,Normal
SKU0029,WH04,897.0,9.857142857142858,4.481000455184654,0,0.054945054945054944,0.45459424907670404,Normal
SKU0029,WH05,858.0,9.428571428571429,3.792222617536105,0,0.054945054945054944,0.4022054291326172,Normal
SKU0030,WH01,1591.0,17.483516483516482,6.848134599797781,0,0.08791208791208792,0.39169091677033196,Normal
SKU0030,WH02,1528.0,16.791208791208792,5.382103024565116,0,0.08791208791208792,0.3205310047352261,Normal
SKU0030,WH03,1609.0,17.681318681318682,5.333081495885679,0,0.08791208791208792,0.3016223841675555,Normal
SKU0030,WH04,1576.0,17.318681318681318,5.847846936891713,0,0.08791208791208792,0.3376612127266154,Normal
SKU0030,WH05,1603.0,17.615384615384617,6.707821687766588,0,0.08791208791208792,0.3807933709212473,Normal
SKU0031,WH01,814.0,8.945054945054945,3.4684695227550764,0,0.04395604395604396,0.387752735344855,Normal
SKU0031,WH02,861.0,9.461538461538462,3.7336538323967514,0,0.04395604395604396,0.3946138196842095,Normal
SKU0031,WH03,808.0,8.87912087912088,3.7766392021218635,0,0.04395604395604396,0.4253393160805564,Normal
SKU0031,WH04,812.0,8.923076923076923,3.902223779763333,0,0.04395604395604396,0.43731818221485624,Normal
SKU0031,WH05,768.0,8.43956043956044,3.3340292313881887,0,0.04395604395604396,0.39504773444834007,Normal
SKU0032,WH01,797.0,8.758241758241759,3.4200086398222873,0,0.03296703296703297,0.39049032148535523,Normal
SKU0032,WH02,811.0,8.912087912087912,3.427497796898073,0,0.03296703296703297,0.38458976512666415,Normal
SKU0032,WH03,802.0,8.813186813186814,3.2758784671259913,0,0.03296703296703297,0.37170192083349773,Normal
SKU0032,WH04,810.0,8.901098901098901,3.51522069816058,0,0.03296703296703297,0.39491985621310216,Normal
SKU0032,WH05,773.0,8.494505494505495,3.4652998150669165,0,0.03296703296703297,0.4079460325628582,Normal
SKU0033,WH01,364.0,4.0,2.3285665595430642,3,0.10989010989010989,0.5821416398857661,Slow
SKU0033,WH02,407.0,4.472527472527473,2.1099797752619933,1,0.10989010989010989,0.4717645197760231,Slow
SKU0033,WH03,366.0,4.021978021978022,2.294815518985843,4,0.10989010989010989,0.5705688858680648,Slow
SKU0033,WH04,400.0,4.395604395604396,2.5424359311456532,4,0.10989010989010989,0.5784041743356361,Slow
SKU0033,WH05,365.0,4.010989010989011,2.173039374263642,1,0.10989010989010989,0.5417714604328532,Slow
SKU0034,WH01,509.0,5.593406593406593,2.633029611083957,1,0.10989010989010989,0.47073810335685673,Normal
SKU0034,WH02,525.0,5.769230769230769,2.840488702384868,1,0.10989010989010989,0.49235137508004384,Normal
SKU0034,WH03,514.0,5.648351648351649,2.566336023610428,1,0.10989010989010989,0.45435131935515355,Normal
SKU0034,WH04,549.0,6.032967032967033,2.45153262470892,0,0.10989010989010989,0.4063560452614057,Normal
SKU0034,WH05,490.0,5.384615384615385,2.563717919867467,0,0.10989010989010989,0.476119042261101,Normal
SKU0035,WH01,461.0,5.065934065934066,2.2201211068177624,0,0.03296703296703297,0.43824516425253013,Slow
SKU0035,WH02,456.0,5.010989010989011,2.3546384742296094,0,0.03296703296703297,0.4698949586730142,Slow
SKU0035,WH03,463.0,5.087912087912088,2.492871399492524,0,0.03296703296703297,0.4899596055158093,Slow
SKU0035,WH04,445.0,4.8901098901098905,2.4424511797716173,0,0.03296703296703297,0.4994675446274543,Slow
SKU0035,WH05,426.0,4.681318681318682,2.4983511045804274,1,0.03296703296703297,0.5336853298516875,Slow
SKU0036,WH01,463.0,5.087912087912088,2.787465402469306,0,0.03296703296703297,0.5478603706797124,Slow
SKU0036,WH02,414.0,4.549450549450549,2.621550585536635,2,0.03296703296703297,0.5762345489947676,Slow
SKU0036,WH03,432.0,4.747252747252747,2.3409086867824382,1,0.03296703296703297,0.493108079854634,Slow
SKU0036,WH04,433.0,4.758241758241758,2.672246908671341,1,0.03296703296703297,0.561603853785432,Slow
SKU0036,WH05,454.0,4.989010989010989,2.1421407023738634,0,0.03296703296703297,0.4293718147929991,Slow
SKU0037,WH01,62.0,0.6813186813186813,0.8416798134830776,46,0.054945054945054944,1.2353687584993558,Slow
SKU0037,WH02,42.0,0.46153846153846156,0.7196865414530953,57,0.054945054945054944,1.5593208398150398,Slow
SKU0037,WH03,51.0,0.5604395604395604,0.763162880660205,51,0.054945054945054944,1.3617220027466403,Slow
SKU0037,WH04,48.0,0.5274725274725275,0.6555855625259221,51,0.054945054945054944,1.2428809622887274,Slow
SKU0037,WH05,58.0,0.6373626373626373,0.8630241855305938,50,0.054945054945054944,1.3540551876428282,Slow
SKU0038,WH01,1394.0,15.31868131868132,6.3208282173200505,0,0.08791208791208792,0.4126222150474351,Normal
SKU0038,WH02,1444.0,15.868131868131869,5.953913355859678,0,0.08791208791208792,0.3752119912626251,Normal
SKU0038,WH03,1526.0,16.76923076923077,6.5592630396967335,0,0.08791208791208792,0.3911487133764107,Normal
SKU0038,WH04,1500.0,16.483516483516482,5.093269278311518,0,0.08791208791208792,0.3089916695508988,Normal
SKU0038,WH05,1500.0,16.483516483516482,5.7491306344962325,0,0.08791208791208792,0.3487805918261048,Normal
SKU0039,WH01,720.0,7.912087912087912,3.536000099448062,0,0.10989010989010989,0.4469111236802411,Normal
SKU0039,WH02,733.0,8.054945054945055,3.5413827725045395,0,0.10989010989010989,0.43965325006536576,Normal
SKU0039,WH03,676.0,7.428571428571429,3.1238966306089835,0,0.10989010989010989,0.42052454642813236,Normal
SKU0039,WH04,711.0,7.813186813186813,3.502101235645976,1,0.10989010989010989,0.4482295533667846,Normal
SKU0039,WH05,708.0,7.78021978021978,3.108419383267171,0,0.10989010989010989,0.39952848005270136,Normal
SKU0040,WH01,510.0,5.604395604395604,3.061877132592288,2,0.12087912087912088,0.5463349393448985,Normal
SKU0040,WH02,470.0,5.164835164835165,2.8877662888804103,2,0.12087912087912088,0.5591207069959943,Normal
SKU0040,WH03,523.0,5.747252747252747,2.4476447027631667,0,0.12087912087912088,0.4258808182628072,Normal
SKU0040,WH04,537.0,5.9010989010989015,2.7570311933710507,0,0.12087912087912088,0.4672064033459322,Normal
SKU0040,WH05,547.0,6.010989010989011,2.869357285736865,1,0.12087912087912088,0.47735194333099584,Normal
SKU0041,WH01,72.0,0.7912087912087912,0.9946130852020746,48,0.0989010989010989,1.2570804271304,Slow
SKU0041,WH02,77.0,0.8461538461538461,0.8809474309335241,38,0.0989010989010989,1.0411196911032559,Slow
SKU0041,WH03,90.0,0.989010989010989,0.9128040497342427,28,0.0989010989010989,0.922946316953512,Slow
SKU0041,WH04,76.0,0.8351648351648352,0.8200777234673995,35,0.0989010989010989,0.9819351688885967,Slow
SKU0041,WH05,76.0,0.8351648351648352,1.0029261218359038,43,0.0989010989010989,1.2008720669350952,Slow
SKU0042,WH01,1771.0,19.46153846153846,5.939150130574599,0,0.054945054945054944,0.30517372212438654,Normal
SKU0042,WH02,1926.0,21.164835164835164,6.370528909253815,0,0.054945054945054944,0.3009959141963121,Fast
SKU0042,WH03,1776.0,19.516483516483518,7.112372064637534,0,0.054945054945054944,0.3644289740326664,Normal
SKU0042,WH04,1918.0,21.076923076923077,6.802337456477358,0,0.054945054945054944,0.32273863844600603,Fast
SKU0042,WH05,1910.0,20.98901098901099,6.306072039435054,0,0.054945054945054944,0.3004463641825078,Fast
SKU0043,WH01,188.0,2.065934065934066,1.5333492593535083,12,0.06593406593406594,0.7422062904317512,Slow
SKU0043,WH02,189.0,2.076923076923077,1.5862658403430734,12,0.06593406593406594,0.7637576268318501,Slow
SKU0043,WH03,197.0,2.1648351648351647,1.7337418509861282,14,0.06593406593406594,0.8008655250748106,Slow
SKU0043,WH04,173.0,1.901098901098901,1.5133109033208905,15,0.06593406593406594,0.7960190300705262,Slow
SKU0043,WH05,203.0,2.230769230769231,1.7066987176477613,12,0.06593406593406594,0.7650718389455481,Slow
SKU0044,WH01,263.0,2.89010989010989,1.8405950091723022,8,0.08791208791208792,0.6368598700938384,Slow
SKU0044,WH02,246.0,2.7032967032967035,1.643130518211472,1,0.08791208791208792,0.6078247038912356,Slow
SKU0044,WH03,254.0,2.791208791208791,1.5882658853568958,3,0.08791208791208792,0.5690243919979431,Slow
SKU0044,WH04,247.0,2.7142857142857144,1.668570341378206,5,0.08791208791208792,0.6147364415603916,Slow
SKU0044,WH05,269.0,2.956043956043956,2.075851032506309,6,0.08791208791208792,0.7022395686173758,Slow
SKU0045,WH01,4158.0,45.69230769230769,14.629264664205945,0,0.07692307692307693,0.32016909197757115,Fast
SKU0045,WH02,4139.0,45.48351648351648,13.859904310526373,0,0.07692307692307693,0.3047236753461947,Fast
SKU0045,WH03,4006.0,44.02197802197802,13.920391135930391,0,0.07692307692307693,0.31621457647769985,Fast
SKU0045,WH04,4058.0,44.59340659340659,13.649564927521414,0,0.07692307692307693,0.30608930714747384,Fast
SKU0045,WH05,4190.0,46.043956043956044,14.042722186173393,0,0.07692307692307693,0.30498513578562736,Fast
SKU0046,WH01,4014.0,44.10989010989011,13.805353671231678,0,0.06593406593406594,0.3129763786950879,Fast
SKU0046,WH02,3902.0,42.879120879120876,12.901193023933155,0,0.06593406593406594,0.30087354310044007,Fast
SKU0046,WH03,3941.0,43.30769230769231,11.768783858337846,0,0.06593406593406594,0.27174811751046535,Fast
SKU0046,WH04,4101.0,45.065934065934066,14.795496460298843,0,0.06593406593406594,0.32830777319853566,Fast
SKU0046,WH05,4030.0,44.285714285714285,13.864651868278969,0,0.06593406593406594,0.31307278412242834,Fast
SKU0047,WH01,209.0,2.2967032967032965,1.8767259048939782,10,0.08791208791208792,0.817139030360536,Slow
SKU0047,WH02,262.0,2.879120879120879,1.6454324985997169,2,0.08791208791208792,0.571505180811352,Slow
SKU0047,WH03,262.0,2.879120879120879,1.9369802662630697,9,0.08791208791208792,0.6727679550761044,Slow
SKU0047,WH04,236.0,2.5934065934065935,1.7699844442381216,9,0.08791208791208792,0.6824940018036825,Slow
SKU0047,WH05,220.0,2.4175824175824174,1.6671061691574953,9,0.08791208791208792,0.689575733606055,Slow
SKU0048,WH01,63.0,0.6923076923076923,0.852347186594598,46,0.12087912087912088,1.2311681584144194,Slow
SKU0048,WH02,57.0,0.6263736263736264,0.9386556775913524,56,0.12087912087912088,1.498555555452861,Slow
SKU0048,WH03,41.0,0.45054945054945056,0.7190075917345496,60,0.12087912087912088,1.595846118240098,Slow
SKU0048,WH04,48.0,0.5274725274725275,0.6886485854460707,52,0.12087912087912088,1.305562943241509,Slow
SKU0048,WH05,47.0,0.5164835164835165,0.7049450311531366,54,0.12087912087912088,1.3648935709560728,Slow
SKU0049,WH01,806.0,8.857142857142858,3.9625228455603003,0,0.06593406593406594,0.44738161159551776,Normal
SKU0049,WH02,901.0,9.901098901098901,3.913097508666518,0,0.06593406593406594,0.39521850531482033,Normal
SKU0049,WH03,851.0,9.351648351648352,4.428126331565396,0,0.06593406593406594,0.47351292147174034,Normal
SKU0049,WH04,914.0,10.043956043956044,4.016388891950047,0,0.06593406593406594,0.39988116976745547,Normal
SKU0049,WH05,888.0,9.758241758241759,4.305914948173448,0,0.06593406593406594,0.44125930212137804,Normal
SKU0050,WH01,1533.0,16.846153846153847,6.4634409083760005,0,0.10989010989010989,0.38367457446980824,Normal
SKU0050,WH02,1537.0,16.89010989010989,6.42296323004084,0,0.10989010989010989,0.3802795406205052,Normal
SKU0050,WH03,1494.0,16.417582417582416,7.304589020404964,0,0.10989010989010989,0.4449247663031136,Normal
SKU0050,WH04,1377.0,15.131868131868131,5.481704502167573,0,0.10989010989010989,0.36226224378885197,Normal
SKU0050,WH05,1500.0,16.483516483516482,6.841641514144,0,0.10989010989010989,0.41505958519140274,Normal
SKU0051,WH01,60.0,0.6593406593406593,0.8971532783666372,49,0.054945054945054944,1.3606824721893997,Slow
SKU0051,WH02,75.0,0.8241758241758241,0.9842471075610886,45,0.054945054945054944,1.1942198238407875,Slow
SKU0051,WH03,52.0,0.5714285714285714,0.8184383115673834,56,0.054945054945054944,1.4322670452429211,Slow
SKU0051,WH04,59.0,0.6483516483516484,0.8866118576246236,48,0.054945054945054944,1.3674860854888262,Slow
SKU0051,WH05,42.0,0.46153846153846156,0.7196865414530953,58,0.054945054945054944,1.5593208398150398,Slow
SKU0052,WH01,2306.0,25.34065934065934,8.561178242144763,0,0.08791208791208792,0.33784354728324956,Fast
SKU0052,WH02,2154.0,23.67032967032967,7.83872856052979,0,0.08791208791208792,0.3311626272090116,Fast
SKU0052,WH03,2211.0,24.296703296703296,7.489985173541928,0,0.08791208791208792,0.30827166476359813,Fast
SKU0052,WH04,2259.0,24.824175824175825,8.18344318540444,0,0.08791208791208792,0.3296561885222683,Fast
SKU0052,WH05,2258.0,24.813186813186814,8.08140813900384,0,0.08791208791208792,0.3256900534319528,Fast
SKU0053,WH01,253.0,2.78021978021978,1.6041764782536159,4,0.0989010989010989,0.5769962826920121,Slow
SKU0053,WH02,245.0,2.6923076923076925,1.7492367077754403,10,0.0989010989010989,0.6497164914594492,Slow
SKU0053,WH03,253.0,2.78021978021978,2.091263296044325,8,0.0989010989010989,0.7521935175495399,Slow
SKU0053,WH04,256.0,2.8131868131868134,1.8909849750392456,4,0.0989010989010989,0.6721860653459818,Slow
SKU0053,WH05,235.0,2.5824175824175826,1.8322174426144828,7,0.0989010989010989,0.7094969671400763,Slow
SKU0054,WH01,1249.0,13.725274725274724,4.597259894197688,0,0.054945054945054944,0.33494847908085634,Normal
SKU0054,WH02,1234.0,13.56043956043956,4.754433699678628,0,0.054945054945054944,0.3506105888741938,Normal
SKU0054,WH03,1219.0,13.395604395604396,5.240608787534179,0,0.054945054945054944,0.39121853951239566,Normal
SKU0054,WH04,1289.0,14.164835164835164,4.686300925187835,0,0.054945054945054944,0.33084048424522344,Normal
SKU0054,WH05,1245.0,13.68131868131868,5.403453876671271,0,0.054945054945054944,0.3949512472105106,Normal
SKU0055,WH01,1853.0,20.36263736263736,6.302585859993384,0,0.054945054945054944,0.30951716851559524,Normal
SKU0055,WH02,1718.0,18.87912087912088,6.580839468293397,0,0.054945054945054944,0.34857764354755477,Normal
SKU0055,WH03,1685.0,18.516483516483518,6.143402309908732,0,0.054945054945054944,0.33178018409596116,Normal
SKU0055,WH04,1800.0,19.78021978021978,7.4711328871749165,0,0.054945054945054944,0.37770727374050966,Normal
SKU0055,WH05,1784.0,19.604395604395606,6.262550280799031,0,0.054945054945054944,0.31944623069098194,Normal
SKU0056,WH01,56.0,0.6153846153846154,0.8662720995318677,54,0.0989010989010989,1.4076921617392848,Slow
SKU0056,WH02,64.0,0.7032967032967034,0.8755253089114938,46,0.0989010989010989,1.2448875486085302,Slow
SKU0056,WH03,71.0,0.7802197802197802,0.9638141568464994,47,0.0989010989010989,1.2353111024370627,Slow
SKU0056,WH04,74.0,0.8131868131868132,0.9417724178034134,41,0.0989010989010989,1.1581255408123057,Slow
SKU0056,WH05,67.0,0.7362637362637363,0.8671173806887691,44,0.0989010989010989,1.177726591681761,Slow
SKU0057,WH01,538.0,5.912087912087912,2.8348950662467267,0,0.03296703296703297,0.47950827328708573,Normal
SKU0057,WH02,512.0,5.626373626373627,2.916041272564005,0,0.03296703296703297,0.5182807730533681,Normal
SKU0057,WH03,550.0,6.043956043956044,2.653769176565822,0,0.03296703296703297,0.43907817284998146,Normal
SKU0057,WH04,535.0,5.8791208791208796,2.5640036610962116,1,0.03296703296703297,0.4361202488967388,Normal
SKU0057,WH05,522.0,5.736263736263736,2.8473580925918163,2,0.03296703296703297,0.496378518057194,Normal
SKU0058,WH01,2540.0,27.912087912087912,8.331530940613966,0,0.06593406593406594,0.29849185653380744,Fast
SKU0058,WH02,2546.0,27.978021978021978,8.31728858326374,0,0.06593406593406594,0.2972793641307936,Fast
SKU0058,WH03,2498.0,27.45054945054945,7.437538027934508,0,0.06593406593406594,0.27094313872779835,Fast
SKU0058,WH04,2684.0,29.494505494505493,9.640624260992448,0,0.06593406593406594,0.32686170184437885,Fast
SKU0058,WH05,2657.0,29.197802197802197,8.352271520995924,0,0.06593406593406594,0.28605822672586717,Fast
SKU0059,WH01,1998.0,21.956043956043956,7.506903619575914,0,0.07692307692307693,0.34190602071141546,Fast
SKU0059,WH02,2000.0,21.978021978021978,7.868330363591928,0,0.07692307692307693,0.3580090315434327,Fast
SKU0059,WH03,1966.0,21.604395604395606,8.52822649386419,0,0.07692307692307693,0.3947449699601431,Fast
SKU0059,WH04,2008.0,22.065934065934066,6.395835794227014,0,0.07692307692307693,0.2898511241407661,Fast
SKU0059,WH05,2057.0,22.604395604395606,6.844103903489357,0,0.07692307692307693,0.3027775669506716,Fast
SKU0060,WH01,939.0,10.31868131868132,4.271037138887725,0,0.0989010989010989,0.41391307735759636,Normal
SKU0060,WH02,888.0,9.758241758241759,3.606600921583952,0,0.0989010989010989,0.36959536471186893,Normal
SKU0060,WH03,864.0,9.494505494505495,3.563311900071575,0,0.0989010989010989,0.3753025265121682,Normal
SKU0060,WH04,938.0,10.307692307692308,4.1997150900515665,0,0.0989010989010989,0.4074350460497788,Normal
SKU0060,WH05,892.0,9.802197802197803,3.807068806020307,0,0.0989010989010989,0.3883893064437757,Normal
SKU0061,WH01,1336.0,14.68131868131868,5.328913003353854,0,0.06593406593406594,0.36297236774341374,Normal
SKU0061,WH02,1402.0,15.406593406593407,5.378926001800446,0,0.06593406593406594,0.34913143092998616,Normal
SKU0061,WH03,1415.0,15.54945054945055,5.927832161861041,0,0.06593406593406594,0.3812245418582012,Normal
SKU0061,WH04,1422.0,15.626373626373626,5.632541071800446,0,0.06593406593406594,0.3604509406004505,Normal
SKU0061,WH05,1385.0,15.219780219780219,6.468388426806853,0,0.06593406593406594,0.42499880638225535,Normal
SKU0062,WH01,3222.0,35.40659340659341,11.095522642517688,0,0.0989010989010989,0.31337447562666343,Fast
SKU0062,WH02,3291.0,36.16483516483517,11.636402399619085,0,0.0989010989010989,0.32176013927843716,Fast
SKU0062,WH03,3270.0,35.934065934065934,10.78867945559624,0,0.0989010989010989,0.30023542215879445,Fast
SKU0062,WH04,3314.0,36.417582417582416,13.84121537218618,0,0.0989010989010989,0.380069583243495,Fast
SKU0062,WH05,3151.0,34.62637362637363,11.80079879749046,0,0.0989010989010989,0.340803773586681,Fast
SKU0063,WH01,1016.0,11.164835164835164,4.3416938227269375,0,0.054945054945054944,0.3888721829410938,Normal
SKU0063,WH02,1068.0,11.736263736263735,4.276122763114487,0,0.054945054945054944,0.3643512841230509,Normal
SKU0063,WH03,1049.0,11.527472527472527,4.4455737271049465,0,0.054945054945054944,0.38565034238946627,Normal
SKU0063,WH04,1068.0,11.736263736263735,6.089764025413948,0,0.054945054945054944,0.518884387933211,Normal
SKU0063,WH05,1010.0,11.098901098901099,4.386988197575353,0,0.054945054945054944,0.3952632930488685,Normal
SKU0064,WH01,719.0,7.9010989010989015,4.139390575260365,0,0.0989010989010989,0.523900615227668,Normal
SKU0064,WH02,780.0,8.571428571428571,4.232527107330291,0,0.0989010989010989,0.4937948291885339,Normal
SKU0064,WH03,766.0,8.417582417582418,3.94423893254716,1,0.0989010989010989,0.4685714658770124,Normal
SKU0064,WH04,772.0,8.483516483516484,4.129467647591279,0,0.0989010989010989,0.48676367348550054,Normal
SKU0064,WH05,735.0,8.076923076923077,3.7005428107261635,0,0.0989010989010989,0.4581624432327631,Normal
SKU0065,WH01,3813.0,41.9010989010989,10.923018452439422,0,0.04395604395604396,0.26068572755625163,Fast
SKU0065,WH02,3833.0,42.120879120879124,12.16446113784391,0,0.04395604395604396,0.2887988425629522,Fast
SKU0065,WH03,3641.0,40.010989010989015,11.942914687512895,0,0.04395604395604396,0.29849086420315113,Fast
SKU0065,WH04,3733.0,41.02197802197802,10.766179578226565,0,0.04395604395604396,0.2624490601710735,Fast
SKU0065,WH05,3791.0,41.65934065934066,11.000221997981859,0,0.04395604395604396,0.264051754633698,Fast
SKU0066,WH01,794.0,8.725274725274724,3.6394930479270946,0,0.04395604395604396,0.41712073974983077,Normal
SKU0066,WH02,819.0,9.0,3.9693268390944523,0,0.04395604395604396,0.44103631545493915,Normal
SKU0066,WH03,779.0,8.56043956043956,3.63075991803611,0,0.04395604395604396,0.4241324166126907,Normal
SKU0066,WH04,784.0,8.615384615384615,3.7793862840097048,0,0.04395604395604396,0.4386787651082693,Normal
SKU0066,WH05,780.0,8.571428571428571,3.518657752744984,0,0.04395604395604396,0.41051007115358146,Normal
SKU0067,WH01,3500.0,38.46153846153846,12.299329423733,0,0.0989010989010989,0.31978256501705804,Fast
SKU0067,WH02,3498.0,38.43956043956044,14.223774144570452,0,0.0989010989010989,0.3700295732292485,Fast
SKU0067,WH03,3476.0,38.1978021978022,13.570572558313064,0,0.0989010989010989,0.35527103072683797,Fast
SKU0067,WH04,3552.0,39.032967032967036,12.509952082198444,0,0.0989010989010989,0.32049708318695336,Fast
SKU0067,WH05,3318.0,36.46153846153846,13.43900433837409,0,0.0989010989010989,0.36858028776131474,Fast
SKU0068,WH01,120.0,1.3186813186813187,1.246141786824177,29,0.10989010989010989,0.9449908550083344,Slow
SKU0068,WH02,127.0,1.3956043956043955,1.2281795098538766,24,0.10989010989010989,0.8800341369819116,Slow
SKU0068,WH03,153.0,1.6813186813186813,1.3323256265236265,17,0.10989010989010989,0.7924289674094772,Slow
SKU0068,WH04,123.0,1.3516483516483517,1.2144832131279026,27,0.10989010989010989,0.8985201007694239,Slow
SKU0068,WH05,139.0,1.5274725274725274,1.4857894223510302,23,0.10989010989010989,0.9727110606758543,Slow
SKU0069,WH01,1458.0,16.021978021978022,5.798425115644231,0,0.08791208791208792,0.361904448232939,Normal
SKU0069,WH02,1368.0,15.032967032967033,5.677343959303015,0,0.08791208791208792,0.377659576240186,Normal
SKU0069,WH03,1429.0,15.703296703296703,6.56166392429797,0,0.08791208791208792,0.41785263618692464,Normal
SKU0069,WH04,1449.0,15.923076923076923,5.920267954203818,0,0.08791208791208792,0.37180426765531227,Normal
SKU0069,WH05,1478.0,16.24175824175824,6.823717884198158,0,0.08791208791208792,0.4201341863748528,Normal
SKU0070,WH01,1241.0,13.637362637362637,5.040979806692088,0,0.0989010989010989,0.3696447722876552,Normal
SKU0070,WH02,1284.0,14.10989010989011,5.089096294913381,0,0.0989010989010989,0.3606758277547646,Normal
SKU0070,WH03,1260.0,13.846153846153847,4.973089978235255,0,0.0989010989010989,0.3591676095392129,Normal
SKU0070,WH04,1216.0,13.362637362637363,5.165088970980468,0,0.0989010989010989,0.3865321516112028,Normal
SKU0070,WH05,1229.0,13.505494505494505,5.095474302148758,0,0.0989010989010989,0.3772889841298104,Normal
SKU0071,WH01,1121.0,12.31868131868132,5.6801391236465735,0,0.054945054945054944,0.46109960771796443,Normal
SKU0071,WH02,1162.0,12.76923076923077,4.973433696656941,0,0.054945054945054944,0.3894857714249411,Normal
SKU0071,WH03,1079.0,11.857142857142858,5.203783727189774,0,0.054945054945054944,0.438873326389499,Normal
SKU0071,WH04,1085.0,11.923076923076923,4.80793503660764,0,0.054945054945054944,0.40324616436064076,Normal
SKU0071,WH05,1060.0,11.648351648351648,4.799012922521154,0,0.054945054945054944,0.4119907320277595,Normal
SKU0072,WH01,700.0,7.6923076923076925,3.526699141918238,0,0.03296703296703297,0.4584708884493709,Normal
SKU0072,WH02,677.0,7.43956043956044,2.93336663317762,0,0.03296703296703297,0.394293003868779,Normal
SKU0072,WH03,706.0,7.758241758241758,2.933866085486897,0,0.03296703296703297,0.37816120931913266,Normal
SKU0072,WH04,648.0,7.1208791208791204,3.1896888208906486,0,0.03296703296703297,0.44793469552631027,Normal
SKU0072,WH05,717.0,7.8791208791208796,2.9696059029034845,0,0.03296703296703297,0.3768955887924924,Normal
SKU0073,WH01,2300.0,25.274725274725274,8.151436048078256,0,0.08791208791208792,0.32251333929353104,Fast
SKU0073,WH02,2324.0,25.53846153846154,7.827739410168447,0,0.08791208791208792,0.3065078684704512,Fast
SKU0073,WH03,2340.0,25.714285714285715,7.579630179025466,0,0.08791208791208792,0.2947633958509904,Fast
SKU0073,WH04,2270.0,24.945054945054945,8.087524875266759,0,0.08791208791208792,0.3242135522684031,Fast
SKU0073,WH05,2294.0,25.208791208791208,7.8436336300587435,0,0.08791208791208792,0.3111467569029406,Fast
SKU0074,WH01,1795.0,19.725274725274726,6.616588469841764,0,0.0989010989010989,0.33543707562986097,Normal
SKU0074,WH02,1626.0,17.86813186813187,5.748833294598501,0,0.0989010989010989,0.3217366726989321,Normal
SKU0074,WH03,1709.0,18.78021978021978,6.52993482663103,0,0.0989010989010989,0.347702790651506,Normal
SKU0074,WH04,1748.0,19.208791208791208,6.814227735679197,0,0.0989010989010989,0.3547452654157935,Normal
SKU0074,WH05,1657.0,18.208791208791208,5.747495074699903,0,0.0989010989010989,0.31564396608188966,Normal
SKU0075,WH01,420.0,4.615384615384615,2.341743086626003,1,0.04395604395604396,0.5073776687689674,Slow
SKU0075,WH02,389.0,4.274725274725275,2.1708469113634687,1,0.04395604395604396,0.5078330820927395,Slow
SKU0075,WH03,410.0,4.5054945054945055,2.1048812390548384,0,0.04395604395604396,0.46718095793656167,Slow
SKU0075,WH04,408.0,4.483516483516484,2.3063325257147373,3,0.04395604395604396,0.5144025976471596,Slow
SKU0075,WH05,398.0,4.373626373626373,2.249189244784053,1,0.04395604395604396,0.5142618625008765,Slow
SKU0076,WH01,1337.0,14.692307692307692,5.5890613556845885,0,0.06593406593406594,0.38040731740261596,Normal
SKU0076,WH02,1244.0,13.67032967032967,4.645320094352894,0,0.06593406593406594,0.33981039275411046,Normal
SKU0076,WH03,1305.0,14.340659340659341,5.209435414535565,0,0.06593406593406594,0.3632633124312156,Normal
SKU0076,WH04,1264.0,13.89010989010989,4.913587848339088,0,0.06593406593406594,0.3537472264231463,Normal
SKU0076,WH05,1265.0,13.901098901098901,4.880926471833317,0,0.06593406593406594,0.35111803078010423,Normal
SKU0077,WH01,922.0,10.131868131868131,5.410296338585018,0,0.10989010989010989,0.5339880334178272,Normal
SKU0077,WH02,931.0,10.23076923076923,5.103543263866179,0,0.10989010989010989,0.4988425746636115,Normal
SKU0077,WH03,961.0,10.56043956043956,5.461397442675458,0,0.10989010989010989,0.5171562614812348,Normal
SKU0077,WH04,911.0,10.010989010989011,3.7932527978987625,0,0.10989010989010989,0.3789088963872529,Normal
SKU0077,WH05,895.0,9.835164835164836,4.833364910847966,0,0.10989010989010989,0.49143710266722335,Normal
SKU0078,WH01,822.0,9.032967032967033,3.478347466671652,1,0.04395604395604396,0.38507252976535317,Normal
SKU0078,WH02,883.0,9.703296703296703,4.161982715257252,0,0.04395604395604396,0.42892460598913923,Normal
SKU0078,WH03,785.0,8.626373626373626,4.040484986424145,0,0.04395604395604396,0.46838743154725765,Normal
SKU0078,WH04,812.0,8.923076923076923,3.9727705676147447,0,0.04395604395604396,0.4452242877499283,Normal
SKU0078,WH05,805.0,8.846153846153847,3.750327621016232,0,0.04395604395604396,0.4239500788974871,Normal
SKU0079,WH01,110.0,1.2087912087912087,1.0595227805896965,26,0.15384615384615385,0.8765143003060217,Slow
SKU0079,WH02,105.0,1.1538461538461537,1.1824933819225367,33,0.15384615384615385,1.0248275976661987,Slow
SKU0079,WH03,105.0,1.1538461538461537,0.9652066781907034,25,0.15384615384615385,0.836512454431943,Slow
SKU0079,WH04,103.0,1.1318681318681318,1.0771236513025604,30,0.15384615384615385,0.9516335171702233,Slow
SKU0079,WH05,84.0,0.9230769230769231,0.8972893653265959,36,0.15384615384615385,0.9720634791038122,Slow
SKU0080,WH01,1323.0,14.538461538461538,5.051529344460816,0,0.054945054945054944,0.34745969035973867,Normal
SKU0080,WH02,1296.0,14.241758241758241,6.288155813981037,0,0.054945054945054944,0.4415294591607056,Normal
SKU0080,WH03,1307.0,14.362637362637363,4.651204105788052,0,0.054945054945054944,0.3238405307013869,Normal
SKU0080,WH04,1375.0,15.10989010989011,6.2404603630938595,0,0.054945054945054944,0.4130050131211209,Normal
SKU0080,WH05,1300.0,14.285714285714286,5.469685577568451,0,0.054945054945054944,0.38287799042979154,Normal
