sku_id,inventory_value,health_score_value_weighted,critical_locations,at_risk_locations,health_class_sku
SKU0001,34580.808000000005,91.45834090748131,1.0,0.0,Healthy
SKU0002,53809.056,88.35675851416902,1.0,0.0,Healthy
SKU0003,112650.17399999998,86.18706945092256,1.0,2.0,Healthy
SKU0004,58249.536,74.4155307016575,0.0,4.0,At Risk
SKU0005,233374.02,89.04073460907277,0.0,0.0,Healthy
SKU0006,4899.960000000001,71.21840983036647,2.0,2.0,At Risk
SKU0007,106393.74600000001,83.04543098479641,1.0,2.0,Healthy
SKU0008,401752.986,84.66064999892296,0.0,2.0,Healthy
SKU0009,199156.266,76.0709297700614,0.0,4.0,Healthy
SKU0010,109615.518,82.39932975105582,0.0,2.0,Healthy
SKU0011,45023.393999999986,71.17002103252523,3.0,2.0,At Risk
SKU0012,114515.232,76.28377888076473,0.0,3.0,Healthy
SKU0013,32893.17,81.76954895522799,0.0,3.0,Healthy
SKU0014,50616.15,77.00775540279368,0.0,3.0,Healthy
SKU0015,6135.21,86.95812219541867,1.0,1.0,Healthy
SKU0016,55538.406,89.32311311441781,0.0,1.0,Healthy
SKU0017,44725.776,74.20993655106147,0.0,4.0,At Risk
SKU0018,335181.168,88.16182804043449,1.0,1.0,Healthy
SKU0019,487605.69,75.28966455130325,0.0,3.0,Healthy
SKU0020,105706.188,81.07649254134562,0.0,3.0,Healthy
SKU0021,41674.284,86.44489954024749,1.0,1.0,Healthy
SKU0022,46312.45199999999,74.0842935847313,0.0,4.0,At Risk
SKU0023,77061.894,90.43465369935232,0.0,1.0,Healthy
SKU0024,143158.464,85.93714894696463,1.0,1.0,Healthy
SKU0025,166757.75999999998,85.21340421144662,0.0,2.0,Healthy
SKU0026,329319.936,82.53212302555299,0.0,3.0,Healthy
SKU0027,95379.83999999998,86.50325198552297,0.0,1.0,Healthy
SKU0028,5989.464,81.34865983697424,0.0,3.0,Healthy
SKU0029,82656.612,84.71014580785977,0.0,2.0,Healthy
SKU0030,79193.51999999999,89.65372724422261,0.0,0.0,Healthy
SKU0031,96584.88,82.2418284642183,0.0,3.0,Healthy
SKU0032,26641.314,85.43215348168131,0.0,3.0,Healthy
SKU0033,14280.240000000002,77.76704614848776,0.0,2.0,Healthy
SKU0034,99535.716,80.69190561080899,1.0,1.0,Healthy
SKU0035,11107.056,88.47681915886574,0.0,1.0,Healthy
SKU0036,6385.5,70.18654873015056,3.0,1.0,At Risk
SKU0037,8466.083999999999,55.70481790258271,3.0,2.0,At Risk
SKU0038,314050.23,86.51642565689949,0.0,1.0,Healthy
SKU0039,11288.130000000001,77.86898631465344,3.0,1.0,Healthy
SKU0040,29593.662000000004,85.88411066276262,2.0,0.0,Healthy
SKU0041,8723.376,75.16123880072487,3.0,0.0,Healthy
SKU0042,217324.128,86.61737818454813,0.0,2.0,Healthy
SKU0043,14059.5,76.13014580093417,0.0,3.0,Healthy
SKU0044,10536.684000000001,79.56783231218454,0.0,2.0,Healthy
SKU0045,25833.323999999997,90.14265368834688,0.0,1.0,Healthy
SKU0046,155848.75199999998,93.0302827940588,0.0,0.0,Healthy
SKU0047,7071.780000000001,74.61950758374186,1.0,2.0,At Risk
SKU0048,5625.360000000001,80.61677591382136,0.0,1.0,Healthy
SKU0049,23848.596,74.76872519893294,0.0,4.0,At Risk
SKU0050,205137.33000000002,86.45473106861449,0.0,1.0,Healthy
SKU0051,14910.63,65.87483592962917,1.0,3.0,At Risk
SKU0052,99264.75600000001,76.59391545728906,0.0,4.0,Healthy
SKU0053,3927.168,70.88066394978397,2.0,2.0,At Risk
SKU0054,148785.0,87.8177703523107,0.0,2.0,Healthy
SKU0055,213785.20799999998,86.30787200231039,1.0,1.0,Healthy
SKU0056,4702.5,72.92731903220366,3.0,0.0,At Risk
SKU0057,15124.031999999997,86.16199016555767,0.0,2.0,Healthy
SKU0058,60902.35199999999,87.58223895720623,0.0,2.0,Healthy
SKU0059,447839.2679999999,89.99576157081158,0.0,0.0,Healthy
SKU0060,72125.424,84.71222492995152,0.0,2.0,Healthy
SKU0061,44276.54400000001,87.12354979384735,0.0,1.0,Healthy
SKU0062,443611.0559999999,84.88054010696453,0.0,1.0,Healthy
SKU0063,91088.19,85.85410671899488,0.0,2.0,Healthy
SKU0064,79574.616,81.44506453175818,0.0,3.0,Healthy
SKU0065,201162.948,91.56346848884466,0.0,0.0,Healthy
SKU0066,202444.32,79.59095476304985,0.0,2.0,Healthy
SKU0067,28018.17,81.54520771046224,0.0,3.0,Healthy
SKU0068,17292.99,80.39003180897886,0.0,1.0,Healthy
SKU0069,140743.2,89.45605356897072,0.0,1.0,Healthy
SKU0070,16508.388,86.33693482182716,0.0,1.0,Healthy
SKU0071,36640.656,87.58229071169957,0.0,1.0,Healthy
SKU0072,46207.5,88.63569408719005,1.0,0.0,Healthy
SKU0073,211439.592,81.02520405147497,0.0,3.0,Healthy
SKU0074,149663.06999999998,88.9607574907546,0.0,1.0,Healthy
SKU0075,46139.43,83.787601611382,0.0,2.0,Healthy
SKU0076,180633.456,82.3608450556855,1.0,2.0,Healthy
SKU0077,75908.154,73.8850010326812,2.0,2.0,At Risk
SKU0078,175227.06,69.65804292028028,1.0,3.0,At Risk
SKU0079,655.248,76.09420152521133,1.0,2.0,Healthy
SKU0080,18372.899999999998,78.964356607742,0.0,3.0,Healthy
