sku_id,avg_demand_promo,avg_demand_nonpromo,promo_uplift_ratio
SKU0001,33.06785714285714,19.295703703703705,1.7137419630106545
SKU0002,7.762962962962963,4.629837518463811,1.6767247083735088
SKU0003,77.66764705882353,43.84555052790347,1.7713917632165561
SKU0004,136.346875,82.45877061469265,1.6535157386363637
SKU0005,32.61090909090909,19.95680473372781,1.6340746690674048
SKU0006,1.1424242424242423,0.7052631578947368,1.6198552691090005
SKU0007,23.79322033898305,14.078869047619047,1.6899951451005824
SKU0008,49.63703703703704,28.486262924667653,1.7424903072861093
SKU0009,59.959375,36.022188905547225,1.6645122581866916
SKU0010,12.177777777777777,7.458788774002954,1.6326749753555836
SKU0011,36.886792452830186,21.0811209439528,1.749754794865939
SKU0012,16.67142857142857,9.434962962962963,1.7669839973800028
SKU0013,11.394117647058824,6.905882352941177,1.649914821124361
SKU0014,6.073684210526316,3.5967359050445102,1.688665604279654
SKU0015,4.743859649122807,2.91513353115727,1.6273215612320702
SKU0016,92.83283582089553,57.649397590361446,1.610300188746751
SKU0017,15.938983050847458,9.258928571428571,1.7214716506219048
SKU0018,35.13793103448276,20.366121842496284,1.7253128163636622
SKU0019,40.396153846153844,24.29779086892489,1.6625443055326314
SKU0020,24.56393442622951,14.553432835820896,1.687844696391452
SKU0021,7.1117647058823525,4.042232277526395,1.759365671641791
SKU0022,9.814035087719299,5.561424332344214,1.7646621622886585
SKU0023,16.532307692307693,9.32132132132132,1.7736013084853293
SKU0024,41.540350877192985,24.228783382789317,1.714504200268709
SKU0025,39.31470588235294,22.030467571644042,1.78456066601854
SKU0026,74.28615384615385,44.45735735735736,1.6709529819558664
SKU0027,27.24561403508772,16.013056379821958,1.7014624434483288
SKU0028,12.242622950819673,7.648059701492537,1.6007488733947115
SKU0029,16.523333333333333,9.955290611028316,1.659753992015968
SKU0030,30.767741935483873,17.421823617339314,1.7660460013417796
SKU0031,16.396491228070175,9.198516320474777,1.7825147726893285
SKU0032,16.752542372881354,9.353571428571428,1.7910316397124015
SKU0033,6.7942857142857145,4.062027231467473,1.67263421122639
SKU0034,8.56060606060606,5.1957894736842105,1.647604488974019
SKU0035,9.057142857142857,5.091727140783744,1.778795800858397
SKU0036,8.990625,5.080359820089955,1.7696827229534322
SKU0037,0.8935483870967742,0.5757847533632287,1.5518792081197872
SKU0038,27.988,16.090748898678413,1.7393845479932104
SKU0039,12.878688524590164,7.767164179104477,1.6580940260329382
SKU0040,9.151515151515152,5.690827067669173,1.6081168945559603
SKU0041,1.3192982456140352,0.826112759643917,1.5969953619681387
SKU0042,34.24375,20.629085457271366,1.659974218000523
SKU0043,3.789473684210526,2.129673590504451,1.7793683037187507
SKU0044,4.498507462686567,2.807530120481928,1.6023006947880487
SKU0045,75.43571428571428,44.514074074074074,1.6946486219208954
SKU0046,72.98688524590163,43.334626865671645,1.6842624599525418
SKU0047,4.58125,2.6338830584707646,1.7393520890255008
SKU0048,0.7576470588235295,0.5368421052631579,1.4113033448673589
SKU0049,16.61639344262295,9.737014925373135,1.7065182265791987
SKU0050,28.111428571428572,16.27806354009077,1.7269516427549108
SKU0051,1.16,0.638179148311307,1.8176714219972385
SKU0052,40.550943396226415,24.63038348082596,1.6463788892200624
SKU0053,4.5285714285714285,2.757037037037037,1.6425500882781914
SKU0054,24.057142857142857,13.914369501466275,1.7289423609605703
SKU0055,33.898305084745765,20.279761904761905,1.6715336819011706
SKU0056,1.1653846153846155,0.7042709867452136,1.654738924814207
SKU0057,10.335714285714285,6.1306666666666665,1.6859038091095508
SKU0058,50.4,29.206656580937974,1.725634012928891
SKU0059,36.672413793103445,21.765230312035662,1.6849081432795343
SKU0060,16.65714285714286,9.976296296296296,1.6696720268148841
SKU0061,26.229508196721312,15.249253731343284,1.7200519224628832
SKU0062,57.35076923076923,35.75015015015015,1.60421058344921
SKU0063,19.523333333333333,11.48882265275708,1.6993328144592899
SKU0064,13.374193548387098,7.802391629297459,1.7141146181598852
SKU0065,68.06,43.055141579731746,1.5807635860159224
SKU0066,15.062745098039215,8.920882352941176,1.6884815315463828
SKU0067,61.66274509803922,37.308235294117644,1.6527917928018838
SKU0068,2.286206896551724,1.4338781575037147,1.5944220117920314
SKU0069,27.32962962962963,15.84490398818316,1.724821409458307
SKU0070,23.648387096774194,13.522272047832585,1.7488471621575363
SKU0071,20.58688524590164,12.238507462686567,1.6821401881453328
SKU0072,13.384313725490196,7.963529411764706,1.6807012360269857
SKU0073,43.01379310344828,24.92659732540862,1.7256183241505931
SKU0074,32.671875,18.77631184407796,1.7400581792267524
SKU0075,7.946153846153846,4.5387334315169365,1.7507425730217605
SKU0076,25.013793103448275,14.482020802377415,1.727230850223743
SKU0077,17.59607843137255,9.868235294117648,1.783102845334605
SKU0078,15.7,9.028655834564255,1.7389077939925395
SKU0079,1.7904761904761906,0.9949101796407186,1.7996360145020993
SKU0080,25.626415094339624,14.612094395280236,1.7537811076978163
