sku_id,wh_id,risk_level,forecast_demand_lt,projected_stock_after_lt
SKU0001,WH01,No Risk,117.11180900000001,141.888191
SKU0001,WH02,Critical Stockout Risk,112.715714,-99.715714
SKU0001,WH03,No Risk,99.890128,210.109872
SKU0001,WH04,No Risk,106.17190500000001,328.82809499999996
SKU0001,WH05,No Risk,111.137458,107.862542
SKU0002,WH01,No Risk,26.4209542,27.5790458
SKU0002,WH02,No Risk,23.4944794,26.5055206
SKU0002,WH03,No Risk,32.7724916,44.2275084
SKU0002,WH04,Critical Stockout Risk,27.5204021,-23.5204021
SKU0002,WH05,No Risk,28.7051105,65.2948895
SKU0003,WH01,Critical Stockout Risk,234.792664,-67.792664
SKU0003,WH02,No Risk,215.219445,529.780555
SKU0003,WH03,No Risk,214.145105,862.8548949999999
SKU0003,WH04,Critical Stockout Risk,212.68142,-74.68142
SKU0003,WH05,Critical Stockout Risk,208.943503,-208.943503
SKU0004,WH01,Critical Stockout Risk,622.347904,-123.34790399999997
SKU0004,WH02,Critical Stockout Risk,624.96431,-217.96430999999995
SKU0004,WH03,Reorder Soon,717.177884,109.82211600000005
SKU0004,WH04,No Risk,650.679122,898.320878
SKU0004,WH05,Reorder Soon,691.82129,299.17871
SKU0005,WH01,No Risk,122.84670700000001,443.15329299999996
SKU0005,WH02,No Risk,127.714357,393.285643
SKU0005,WH03,No Risk,128.02702,96.97298
SKU0005,WH04,No Risk,134.193369,110.80663100000001
SKU0005,WH05,No Risk,115.713127,285.286873
SKU0006,WH01,Critical Stockout Risk,6.0110943,-1.0110943
SKU0006,WH02,No Risk,6.18695724,12.81304276
SKU0006,WH03,No Risk,6.3747678,12.6252322
SKU0006,WH04,Critical Stockout Risk,6.1191627,-3.1191627000000004
SKU0006,WH05,No Risk,6.0358044,7.9641956
SKU0007,WH01,No Risk,142.0834665,83.91653350000001
SKU0007,WH02,Critical Stockout Risk,149.738739,-75.73873900000001
SKU0007,WH03,Critical Stockout Risk,136.723055,-116.72305499999999
SKU0007,WH04,No Risk,169.00227,88.99772999999999
SKU0007,WH05,Critical Stockout Risk,133.83823,-104.83823000000001
SKU0008,WH01,No Risk,230.84263,345.15737
SKU0008,WH02,Reorder Soon,222.664567,61.335432999999995
SKU0008,WH03,Critical Stockout Risk,223.67364700000002,-52.67364700000002
SKU0008,WH04,No Risk,218.97848,280.02152
SKU0008,WH05,No Risk,227.208783,593.791217
SKU0009,WH01,Reorder Soon,268.350266,70.64973400000002
SKU0009,WH02,No Risk,291.317995,453.682005
SKU0009,WH03,No Risk,297.006643,1127.993357
SKU0009,WH04,Reorder Soon,283.542158,24.457842000000028
SKU0009,WH05,Critical Stockout Risk,260.603433,-260.603433
SKU0010,WH01,Critical Stockout Risk,60.4309292,-9.430929200000001
SKU0010,WH02,No Risk,64.1459237,42.8540763
SKU0010,WH03,Reorder Soon,50.7617779,37.2382221
SKU0010,WH04,No Risk,71.29357379999999,107.70642620000001
SKU0010,WH05,No Risk,62.1174093,59.8825907
SKU0011,WH01,Critical Stockout Risk,254.54209400000002,-254.54209400000002
SKU0011,WH02,Critical Stockout Risk,225.119125,-225.119125
SKU0011,WH03,Reorder Soon,254.653505,79.346495
SKU0011,WH04,Critical Stockout Risk,224.139851,-224.139851
SKU0011,WH05,Reorder Soon,252.360781,102.639219
SKU0012,WH01,Reorder Soon,111.229583,30.770416999999995
SKU0012,WH02,No Risk,103.372742,221.62725799999998
SKU0012,WH03,Critical Stockout Risk,105.838112,-52.838111999999995
SKU0012,WH04,No Risk,115.2068885,41.793111499999995
SKU0012,WH05,No Risk,114.3924845,239.6075155
SKU0013,WH01,Critical Stockout Risk,59.8735872,-38.8735872
SKU0013,WH02,Reorder Soon,59.9878175,32.0121825
SKU0013,WH03,Reorder Soon,49.1069257,31.893074300000002
SKU0013,WH04,No Risk,62.8492065,95.15079349999999
SKU0013,WH05,No Risk,51.8851824,161.1148176
SKU0014,WH01,Critical Stockout Risk,30.8028449,-3.8028449
SKU0014,WH02,No Risk,30.1126649,37.8873351
SKU0014,WH03,Reorder Soon,31.006685,10.993314999999999
SKU0014,WH04,Reorder Soon,28.6421818,18.3578182
SKU0014,WH05,No Risk,28.7480999,44.2519001
SKU0015,WH01,Critical Stockout Risk,18.6886312,-10.6886312
SKU0015,WH02,No Risk,16.5689484,41.4310516
SKU0015,WH03,No Risk,16.4265084,37.5734916
SKU0015,WH04,No Risk,16.0259751,14.9740249
SKU0015,WH05,Critical Stockout Risk,16.721062500000002,-12.721062500000002
SKU0016,WH01,No Risk,400.417984,434.582016
SKU0016,WH02,Critical Stockout Risk,407.7437,-130.7437
SKU0016,WH03,No Risk,401.985795,442.014205
SKU0016,WH04,No Risk,440.503471,411.496529
SKU0016,WH05,No Risk,406.619534,448.380466
SKU0017,WH01,Critical Stockout Risk,63.8039743,-54.8039743
SKU0017,WH02,Critical Stockout Risk,74.131933,-22.131933000000004
SKU0017,WH03,No Risk,66.8529925,190.1470075
SKU0017,WH04,Reorder Soon,70.7740525,23.225947500000004
SKU0017,WH05,Critical Stockout Risk,77.030073,-17.030073
SKU0018,WH01,Critical Stockout Risk,199.345188,-170.345188
SKU0018,WH02,No Risk,199.650671,303.349329
SKU0018,WH03,No Risk,201.05223,133.94777
SKU0018,WH04,Reorder Soon,195.84775,46.15225000000001
SKU0018,WH05,No Risk,199.480133,299.519867
SKU0019,WH01,Critical Stockout Risk,248.429892,-94.429892
SKU0019,WH02,No Risk,283.983504,301.016496
SKU0019,WH03,Reorder Soon,234.774361,8.225639000000001
SKU0019,WH04,No Risk,268.122895,824.877105
SKU0019,WH05,No Risk,280.98833,239.01166999999998
SKU0020,WH01,Reorder Soon,101.102242,51.897757999999996
SKU0020,WH02,No Risk,88.0670605,73.9329395
SKU0020,WH03,Critical Stockout Risk,100.738698,-93.738698
SKU0020,WH04,Reorder Soon,88.306952,65.693048
SKU0020,WH05,No Risk,104.70168100000001,85.29831899999999
SKU0021,WH01,No Risk,40.236021799999996,46.763978200000004
SKU0021,WH02,Reorder Soon,23.5693796,1.4306203999999987
SKU0021,WH03,No Risk,30.7298604,20.2701396
SKU0021,WH04,No Risk,29.863266,29.136734
SKU0021,WH05,Critical Stockout Risk,35.1434734,-35.1434734
SKU0022,WH01,Critical Stockout Risk,46.0725416,-23.0725416
SKU0022,WH02,No Risk,50.7087182,60.2912818
SKU0022,WH03,Critical Stockout Risk,45.2672217,-36.2672217
SKU0022,WH04,Critical Stockout Risk,50.7398551,-10.7398551
SKU0022,WH05,Reorder Soon,43.5199707,19.480029299999998
SKU0023,WH01,No Risk,56.405747000000005,44.594252999999995
SKU0023,WH02,Critical Stockout Risk,57.31574,-57.31574
SKU0023,WH03,No Risk,55.053269,79.946731
SKU0023,WH04,No Risk,60.548918,169.45108199999999
SKU0023,WH05,No Risk,53.28687,169.71313
SKU0024,WH01,No Risk,270.977666,333.022334
SKU0024,WH02,No Risk,276.561898,220.43810200000001
SKU0024,WH03,No Risk,234.264675,276.735325
SKU0024,WH04,Critical Stockout Risk,269.883911,-269.883911
SKU0024,WH05,Reorder Soon,278.56622,141.43378
SKU0025,WH01,Critical Stockout Risk,125.91346,-6.913460000000001
SKU0025,WH02,No Risk,116.543479,179.456521
SKU0025,WH03,No Risk,124.743089,153.256911
SKU0025,WH04,Critical Stockout Risk,134.494711,-99.494711
SKU0025,WH05,No Risk,129.15919300000002,162.84080699999998
SKU0026,WH01,No Risk,317.258154,201.741846
SKU0026,WH02,Critical Stockout Risk,299.682907,-123.682907
SKU0026,WH03,Reorder Soon,286.51394500000004,143.48605499999996
SKU0026,WH04,No Risk,304.742066,769.257934
SKU0026,WH05,Critical Stockout Risk,317.90947,-180.90947
SKU0027,WH01,No Risk,123.6093815,186.39061850000002
SKU0027,WH02,Reorder Soon,125.35664700000001,8.64335299999999
SKU0027,WH03,No Risk,129.427587,109.57241300000001
SKU0027,WH04,No Risk,127.437648,109.562352
SKU0027,WH05,No Risk,116.577058,123.422942
SKU0028,WH01,No Risk,36.8475737,46.1524263
SKU0028,WH02,Critical Stockout Risk,39.0234375,-6.0234375
SKU0028,WH03,Critical Stockout Risk,40.9639445,-40.9639445
SKU0028,WH04,No Risk,42.043363,37.956637
SKU0028,WH05,Reorder Soon,38.5508419,2.4491580999999982
SKU0029,WH01,Reorder Soon,59.217313000000004,8.782686999999996
SKU0029,WH02,No Risk,58.092026000000004,35.907973999999996
SKU0029,WH03,Reorder Soon,55.365379000000004,26.634620999999996
SKU0029,WH04,No Risk,58.68574,36.31426
SKU0029,WH05,No Risk,57.376999,125.623001
SKU0030,WH01,No Risk,87.042652,70.957348
SKU0030,WH02,No Risk,86.127904,453.872096
SKU0030,WH03,No Risk,88.42702,107.57298
SKU0030,WH04,No Risk,86.656421,69.343579
SKU0030,WH05,No Risk,85.637459,194.362541
SKU0031,WH01,Critical Stockout Risk,46.7608959,-4.760895900000001
SKU0031,WH02,Critical Stockout Risk,59.87379,-33.87379
SKU0031,WH03,Critical Stockout Risk,51.69161,-30.691609999999997
SKU0031,WH04,No Risk,55.035022,101.964978
SKU0031,WH05,No Risk,49.769421,194.230579
SKU0032,WH01,Critical Stockout Risk,75.1215515,-50.121551499999995
SKU0032,WH02,No Risk,73.8417725,91.1582275
SKU0032,WH03,Critical Stockout Risk,74.675353,-74.675353
SKU0032,WH04,No Risk,78.2942125,108.7057875
SKU0032,WH05,Reorder Soon,74.8798045,31.120195499999994
SKU0033,WH01,No Risk,24.1853998,32.8146002
SKU0033,WH02,No Risk,30.4784477,31.5215523
SKU0033,WH03,No Risk,30.1035045,140.89649550000001
SKU0033,WH04,Reorder Soon,29.9079543,4.0920457
SKU0033,WH05,No Risk,29.7759165,106.2240835
SKU0034,WH01,Critical Stockout Risk,37.2882094,-28.2882094
SKU0034,WH02,No Risk,38.2021103,88.7978897
SKU0034,WH03,No Risk,35.0770654,43.9229346
SKU0034,WH04,No Risk,35.0602145,184.9397855
SKU0034,WH05,No Risk,36.7752766,95.2247234
SKU0035,WH01,No Risk,25.6844836,38.3155164
SKU0035,WH02,No Risk,26.0639259,25.9360741
SKU0035,WH03,No Risk,29.3400107,70.6599893
SKU0035,WH04,Critical Stockout Risk,26.384525,-7.384525
SKU0035,WH05,No Risk,25.2092416,37.7907584
SKU0036,WH01,Critical Stockout Risk,36.7010302,-36.7010302
SKU0036,WH02,Critical Stockout Risk,34.0014408,-13.001440799999997
SKU0036,WH03,No Risk,35.249882400000004,39.750117599999996
SKU0036,WH04,Critical Stockout Risk,35.403369,-15.403368999999998
SKU0036,WH05,Critical Stockout Risk,38.857261199999996,-4.857261199999996
SKU0037,WH01,Critical Stockout Risk,10.19262868,-2.1926286800000003
SKU0037,WH02,Critical Stockout Risk,9.18302877,-3.18302877
SKU0037,WH03,No Risk,7.8808805600000005,8.119119439999999
SKU0037,WH04,No Risk,8.87506681,19.12493319
SKU0037,WH05,Critical Stockout Risk,8.6720115,-0.6720115
SKU0038,WH01,No Risk,149.211358,362.788642
SKU0038,WH02,Reorder Soon,164.641874,9.358125999999999
SKU0038,WH03,No Risk,151.4601515,114.5398485
SKU0038,WH04,No Risk,156.703747,328.296253
SKU0038,WH05,No Risk,157.786869,108.213131
SKU0039,WH01,Critical Stockout Risk,66.4783745,-35.4783745
SKU0039,WH02,No Risk,62.2222317,70.77776829999999
SKU0039,WH03,Critical Stockout Risk,60.4806579,-60.4806579
SKU0039,WH04,Critical Stockout Risk,54.513948299999996,-54.513948299999996
SKU0039,WH05,Reorder Soon,56.8279182,24.1720818
SKU0040,WH01,Critical Stockout Risk,37.500587599999996,-37.500587599999996
SKU0040,WH02,No Risk,43.1902207,50.8097793
SKU0040,WH03,No Risk,42.8638678,153.1361322
SKU0040,WH04,Critical Stockout Risk,46.2216395,-31.221639500000002
SKU0040,WH05,No Risk,41.628991,80.371009
SKU0041,WH01,Critical Stockout Risk,9.74254975,-9.74254975
SKU0041,WH02,Critical Stockout Risk,9.22498028,-1.2249802800000005
SKU0041,WH03,No Risk,8.49540226,14.50459774
SKU0041,WH04,Critical Stockout Risk,8.64109942,-2.6410994199999998
SKU0041,WH05,No Risk,9.53988263,6.460117370000001
SKU0042,WH01,No Risk,116.772537,133.227463
SKU0042,WH02,No Risk,131.33092,114.66908000000001
SKU0042,WH03,Reorder Soon,115.262135,10.737865
SKU0042,WH04,Critical Stockout Risk,131.85844,-41.85844
SKU0042,WH05,No Risk,117.172453,234.82754699999998
SKU0043,WH01,No Risk,13.7006819,11.2993181
SKU0043,WH02,No Risk,13.0734567,39.9265433
SKU0043,WH03,Reorder Soon,15.948890500000001,2.051109499999999
SKU0043,WH04,Reorder Soon,13.7903403,3.2096596999999996
SKU0043,WH05,Reorder Soon,12.649574300000001,4.350425699999999
SKU0044,WH01,No Risk,18.9346214,59.0653786
SKU0044,WH02,No Risk,18.4104678,83.58953220000001
SKU0044,WH03,No Risk,19.0430724,38.9569276
SKU0044,WH04,Critical Stockout Risk,19.7408894,-9.7408894
SKU0044,WH05,No Risk,17.0679969,32.9320031
SKU0045,WH01,No Risk,283.878959,475.121041
SKU0045,WH02,Critical Stockout Risk,277.482626,-98.48262599999998
SKU0045,WH03,No Risk,271.049064,523.950936
SKU0045,WH04,No Risk,266.566087,227.43391300000002
SKU0045,WH05,No Risk,285.893802,408.106198
SKU0046,WH01,No Risk,255.515151,175.484849
SKU0046,WH02,No Risk,251.10294,428.89706
SKU0046,WH03,No Risk,251.69642000000002,206.30357999999998
SKU0046,WH04,No Risk,256.439167,552.560833
SKU0046,WH05,No Risk,266.712273,304.287727
SKU0047,WH01,No Risk,26.3106964,35.6893036
SKU0047,WH02,Reorder Soon,27.7845177,13.215482300000001
SKU0047,WH03,Reorder Soon,28.0091658,21.9908342
SKU0047,WH04,Critical Stockout Risk,28.8234934,-21.8234934
SKU0047,WH05,No Risk,27.8189737,27.1810263
SKU0048,WH01,Reorder Soon,5.94043058,0.05956941999999987
SKU0048,WH02,No Risk,6.6325533,1.3674467000000003
SKU0048,WH03,No Risk,6.6207986,2.3792014000000004
SKU0048,WH04,No Risk,6.48884386,2.5111561399999998
SKU0048,WH05,No Risk,6.6374759,0.3625240999999999
SKU0049,WH01,Reorder Soon,89.7368304,42.2631696
SKU0049,WH02,Reorder Soon,104.024755,7.975245000000001
SKU0049,WH03,Reorder Soon,96.770345,50.229654999999994
SKU0049,WH04,No Risk,107.5260455,126.4739545
SKU0049,WH05,Reorder Soon,106.149557,41.850443
SKU0050,WH01,No Risk,187.180766,269.819234
SKU0050,WH02,Reorder Soon,185.97446499999998,40.02553500000002
SKU0050,WH03,No Risk,171.2060765,137.7939235
SKU0050,WH04,No Risk,164.6841065,350.3158935
SKU0050,WH05,No Risk,169.141134,200.858866
SKU0051,WH01,No Risk,7.6657182,26.3342818
SKU0051,WH02,No Risk,8.21918568,24.780814319999998
SKU0051,WH03,Critical Stockout Risk,7.6793824399999995,-2.6793824399999995
SKU0051,WH04,No Risk,7.78202515,8.217974850000001
SKU0051,WH05,No Risk,7.89019658,5.10980342
SKU0052,WH01,Critical Stockout Risk,145.949983,-61.949983
SKU0052,WH02,Critical Stockout Risk,144.231487,-78.23148699999999
SKU0052,WH03,No Risk,136.355822,350.644178
SKU0052,WH04,Critical Stockout Risk,147.929679,-42.92967899999999
SKU0052,WH05,Critical Stockout Risk,147.735768,-92.73576800000001
SKU0053,WH01,Critical Stockout Risk,16.8057571,-1.805757100000001
SKU0053,WH02,Critical Stockout Risk,17.2185882,-16.2185882
SKU0053,WH03,Reorder Soon,14.0499881,5.9500119
SKU0053,WH04,No Risk,18.3016988,20.6983012
SKU0053,WH05,Critical Stockout Risk,14.1666293,-5.1666293
SKU0054,WH01,Reorder Soon,84.4446925,34.5553075
SKU0054,WH02,Critical Stockout Risk,74.736008,-27.736007999999998
SKU0054,WH03,No Risk,88.059655,143.94034499999998
SKU0054,WH04,No Risk,81.3499365,232.6500635
SKU0054,WH05,No Risk,67.790058,95.209942
SKU0055,WH01,No Risk,153.246994,199.753006
SKU0055,WH02,No Risk,145.630367,433.369633
SKU0055,WH03,Critical Stockout Risk,144.646361,-144.646361
SKU0055,WH04,No Risk,138.718984,198.281016
SKU0055,WH05,Critical Stockout Risk,166.244939,-28.244938999999988
SKU0056,WH01,No Risk,6.6374759,2.3625241
SKU0056,WH02,Critical Stockout Risk,7.00839874,-3.0083987399999996
SKU0056,WH03,Critical Stockout Risk,8.0910056,-8.0910056
SKU0056,WH04,No Risk,7.09147857,4.90852143
SKU0056,WH05,Critical Stockout Risk,7.99760775,-2.9976077500000002
SKU0057,WH01,No Risk,38.9364354,68.0635646
SKU0057,WH02,Reorder Soon,39.6242307,0.37576930000000175
SKU0057,WH03,Reorder Soon,36.0265957,15.973404299999999
SKU0057,WH04,No Risk,38.3211772,111.6788228
SKU0057,WH05,No Risk,37.6232384,75.37676160000001
SKU0058,WH01,No Risk,203.08984900000002,309.910151
SKU0058,WH02,Reorder Soon,211.510335,83.489665
SKU0058,WH03,No Risk,219.503898,539.4961020000001
SKU0058,WH04,Critical Stockout Risk,231.990605,-174.990605
SKU0058,WH05,No Risk,236.205163,88.794837
SKU0059,WH01,No Risk,168.391161,324.608839
SKU0059,WH02,No Risk,188.525693,461.474307
SKU0059,WH03,No Risk,158.521548,372.478452
SKU0059,WH04,No Risk,176.446258,97.553742
SKU0059,WH05,No Risk,179.767562,166.232438
SKU0060,WH01,No Risk,106.014441,101.985559
SKU0060,WH02,No Risk,92.9992885,143.0007115
SKU0060,WH03,Reorder Soon,93.166196,38.833804
SKU0060,WH04,Critical Stockout Risk,94.447616,-11.447615999999996
SKU0060,WH05,No Risk,92.9468455,76.0531545
SKU0061,WH01,No Risk,70.5036425,120.4963575
SKU0061,WH02,No Risk,80.318481,55.681518999999994
SKU0061,WH03,No Risk,83.98165499999999,68.01834500000001
SKU0061,WH04,Critical Stockout Risk,83.224635,-46.224635000000006
SKU0061,WH05,No Risk,85.682362,55.317638
SKU0062,WH01,No Risk,305.170365,278.829635
SKU0062,WH02,No Risk,364.739769,492.260231
SKU0062,WH03,No Risk,342.129571,455.870429
SKU0062,WH04,No Risk,337.441058,954.558942
SKU0062,WH05,No Risk,335.347439,331.652561
SKU0063,WH01,No Risk,61.727090000000004,169.27291
SKU0063,WH02,Critical Stockout Risk,73.814239,-31.814239
SKU0063,WH03,No Risk,65.06943,76.93057
SKU0063,WH04,Reorder Soon,64.371438,40.628562
SKU0063,WH05,No Risk,61.276708,63.723292
SKU0064,WH01,No Risk,48.630447000000004,83.369553
SKU0064,WH02,Reorder Soon,55.025746,16.974254000000002
SKU0064,WH03,Critical Stockout Risk,48.985775000000004,-24.985775000000004
SKU0064,WH04,Reorder Soon,55.424943,18.575057
SKU0064,WH05,No Risk,52.396564000000005,41.603435999999995
SKU0065,WH01,No Risk,302.122931,343.877069
SKU0065,WH02,No Risk,281.923882,173.076118
SKU0065,WH03,No Risk,290.986448,208.013552
SKU0065,WH04,No Risk,273.75621,292.24379
SKU0065,WH05,No Risk,296.295123,659.704877
SKU0066,WH01,No Risk,81.9903346,145.00966540000002
SKU0066,WH02,Reorder Soon,82.861924,33.138076
SKU0066,WH03,No Risk,80.1646414,286.8353586
SKU0066,WH04,No Risk,88.508461,83.491539
SKU0066,WH05,No Risk,96.660449,61.339551
SKU0067,WH01,Reorder Soon,264.024001,114.975999
SKU0067,WH02,No Risk,257.316506,348.683494
SKU0067,WH03,Reorder Soon,269.2554,56.74459999999999
SKU0067,WH04,Reorder Soon,273.533989,93.46601099999998
SKU0067,WH05,No Risk,264.38471,588.61529
SKU0068,WH01,No Risk,11.10867831,13.89132169
SKU0068,WH02,Reorder Soon,12.1889045,5.8110955
SKU0068,WH03,No Risk,11.9501345,32.049865499999996
SKU0068,WH04,No Risk,14.3846353,18.6153647
SKU0068,WH05,No Risk,15.4228139,9.5771861
SKU0069,WH01,Critical Stockout Risk,133.702265,-133.702265
SKU0069,WH02,No Risk,122.30021550000001,128.6997845
SKU0069,WH03,No Risk,134.061826,109.938174
SKU0069,WH04,No Risk,130.708469,142.291531
SKU0069,WH05,No Risk,138.609068,133.390932
SKU0070,WH01,Monitor,74.122512,31.877488
SKU0070,WH02,No Risk,75.473626,86.526374
SKU0070,WH03,No Risk,74.74155400000001,44.25844599999999
SKU0070,WH04,No Risk,75.456429,90.543571
SKU0070,WH05,Critical Stockout Risk,72.57833,-27.578329999999994
SKU0071,WH01,Critical Stockout Risk,80.571521,-26.571521000000004
SKU0071,WH02,No Risk,78.725993,267.274007
SKU0071,WH03,No Risk,79.010519,258.989481
SKU0071,WH04,No Risk,73.832157,108.167843
SKU0071,WH05,No Risk,71.0583665,66.9416335
SKU0072,WH01,Critical Stockout Risk,88.29398499999999,-73.29398499999999
SKU0072,WH02,No Risk,72.8421616,59.1578384
SKU0072,WH03,No Risk,72.053241,51.946759
SKU0072,WH04,No Risk,63.9357068,45.0642932
SKU0072,WH05,No Risk,75.3761793,49.623820699999996
SKU0073,WH01,No Risk,176.866685,172.133315
SKU0073,WH02,No Risk,167.149567,173.850433
SKU0073,WH03,Critical Stockout Risk,187.505085,-187.505085
SKU0073,WH04,Critical Stockout Risk,161.634418,-33.63441800000001
SKU0073,WH05,Reorder Soon,167.171293,55.82870700000001
SKU0074,WH01,No Risk,114.748427,81.251573
SKU0074,WH02,No Risk,103.072895,92.927105
SKU0074,WH03,No Risk,106.491653,177.50834700000001
SKU0074,WH04,No Risk,116.738609,286.261391
SKU0074,WH05,Critical Stockout Risk,111.219079,-17.219078999999994
SKU0075,WH01,No Risk,21.734624500000002,73.2653755
SKU0075,WH02,No Risk,26.7745154,19.2254846
SKU0075,WH03,No Risk,23.9200737,26.0799263
SKU0075,WH04,Critical Stockout Risk,30.809120399999998,-22.809120399999998
SKU0075,WH05,Reorder Soon,24.5376169,11.4623831
SKU0076,WH01,Reorder Soon,119.301841,56.698159000000004
SKU0076,WH02,Reorder Soon,118.59348800000001,61.40651199999999
SKU0076,WH03,No Risk,98.978088,324.021912
SKU0076,WH04,No Risk,93.688422,189.311578
SKU0076,WH05,Critical Stockout Risk,132.803897,-132.803897
SKU0077,WH01,No Risk,73.946123,151.053877
SKU0077,WH02,Reorder Soon,85.2576485,34.7423515
SKU0077,WH03,Critical Stockout Risk,83.202611,-83.202611
SKU0077,WH04,No Risk,75.753858,299.246142
SKU0077,WH05,Critical Stockout Risk,81.68225050000001,-52.68225050000001
SKU0078,WH01,Reorder Soon,102.479973,16.520027
SKU0078,WH02,No Risk,111.7567605,73.2432395
SKU0078,WH03,No Risk,95.256837,257.743163
SKU0078,WH04,No Risk,106.276223,291.723777
SKU0078,WH05,Critical Stockout Risk,102.904111,-102.904111
SKU0079,WH01,Reorder Soon,9.16397522,5.836024780000001
SKU0079,WH02,Reorder Soon,8.561918499999999,3.438081500000001
SKU0079,WH03,Critical Stockout Risk,10.3271333,-6.3271333
SKU0079,WH04,No Risk,10.88435146,9.11564854
SKU0079,WH05,No Risk,8.37997426,8.62002574
SKU0080,WH01,No Risk,103.813428,67.186572
SKU0080,WH02,Reorder Soon,96.859599,8.140400999999997
SKU0080,WH03,Critical Stockout Risk,104.298292,-70.298292
SKU0080,WH04,No Risk,115.450185,81.549815
SKU0080,WH05,Reorder Soon,104.2947635,38.7052365
