supplier_id,po_count,mean_actual_lt,std_actual_lt,on_time_rate,avg_delay_days,base_lead_time_days,lead_time_std_days,on_time_prob
SUP1,854,9.504683840749415,2.7192771228925445,0.8992974238875878,0.32669789227166274,9,2.44746913901221,0.902725904248711
SUP10,635,8.59527559055118,2.8817345555300067,0.8047244094488188,0.5889763779527559,8,2.562223907488283,0.7983926812001595
SUP11,481,4.598752598752599,2.2774068090883044,0.8482328482328483,0.5155925155925156,4,1.6572607068694645,0.8345060305883144
SUP12,1289,7.34833204034135,3.0983614826616437,0.8820791311093871,0.33669511249030254,7,2.850085941511542,0.88072031713021
SUP13,1781,6.539584503088153,2.383753448119716,0.7944974733295901,0.6254912970241437,6,1.920812406772333,0.793449705568191
SUP14,1791,10.797878280290341,3.4278543492868296,0.7638190954773869,0.7107761027359017,10,2.992400110733937,0.7707763827979256
SUP15,907,5.464167585446527,2.6573205659057524,0.8390297684674752,0.43991179713340683,5,2.47369222826644,0.8271379969426077
SUP2,862,7.377030162412993,1.776235300700949,0.8758700696055685,0.35962877030162416,7,1.3698083805916716,0.8700270900365676
SUP3,1771,5.377752682100509,2.052184099801299,0.8966685488424618,0.29474872953133824,5,1.7863254137987798,0.8902262685420576
SUP4,923,4.56771397616468,2.6376462500167546,0.9024918743228603,0.2914409534127844,4,2.6301103764382114,0.9024729550627674
SUP5,1876,5.381663113006397,2.051175820331668,0.8683368869936035,0.39605543710021324,5,1.7093093011413596,0.8784666045321722
SUP6,822,9.3661800486618,2.258231607771794,0.8953771289537713,0.3223844282238443,9,2.029489246118976,0.8965165612163277
SUP7,1379,6.451051486584482,2.402744858664308,0.8332124728063814,0.5068890500362582,6,2.008146326045095,0.8349866666913026
SUP8,1073,7.679403541472507,3.624609451203826,0.7875116495806151,0.6337371854613234,7,3.419351889760049,0.808359802151932
SUP9,1025,7.3863414634146345,3.543674048525784,0.8878048780487805,0.3697560975609756,7,3.449342122105561,0.8886296629404502
